workerid,intensity,approach,rt,stimulus,trial_index
175,high,distract,2497,iaps/3180h.JPG,41
175,low,reappraise,2928,iaps/9120l.JPG,44
175,high,reappraise,2318,iaps/3230h.JPG,47
175,high,distract,2058,iaps/9252h.jpg,50
175,high,distract,1925,iaps/9181h.jpg,53
175,low,reappraise,2041,iaps/9102l.JPG,56
175,high,distract,2328,iaps/3140h.JPG,59
175,low,reappraise,1940,iaps/2691l.jpg,62
175,low,distract,4423,iaps/9440l.JPG,65
175,low,reappraise,1590,iaps/1301l.jpg,68
175,high,reappraise,1583,iaps/2053h.JPG,71
175,high,reappraise,2589,iaps/3530h.JPG,74
175,high,distract,1708,iaps/3068h.jpg,77
175,high,distract,2012,iaps/9410h.JPG,80
175,low,reappraise,2044,iaps/9470l.jpg,83
175,low,reappraise,1860,iaps/6190l.JPG,86
175,high,distract,1791,iaps/9420h.JPG,89
175,high,distract,1688,iaps/6831h.jpg,92
175,low,distract,6528,iaps/6836l.jpg,95
175,low,reappraise,2155,iaps/7360l.JPG,98
175,low,reappraise,1661,iaps/2278l.jpg,101
175,low,reappraise,1578,iaps/9160l.JPG,104
175,low,reappraise,1596,iaps/2312l.jpg,107
175,high,distract,1834,iaps/2800h.JPG,110
175,low,reappraise,1692,iaps/2700l.JPG,113
175,low,reappraise,2232,iaps/6010l.JPG,116
175,high,distract,1827,iaps/3150h.JPG,119
175,high,distract,4172,iaps/3000h.JPG,122
175,low,reappraise,1519,iaps/2490l.JPG,125
175,high,distract,1534,iaps/3261h.jpg,128
677,low,reappraise,1864,iaps/2691l.jpg,41
677,high,distract,1977,iaps/3140h.JPG,44
677,high,distract,2494,iaps/9420h.JPG,47
677,low,reappraise,1881,iaps/2278l.jpg,50
677,high,distract,5923,iaps/3180h.JPG,53
677,low,reappraise,2700,iaps/9160l.JPG,56
677,high,distract,1701,iaps/3150h.JPG,59
677,low,reappraise,3415,iaps/6010l.JPG,62
677,low,reappraise,2506,iaps/9120l.JPG,65
677,high,distract,7884,iaps/3530h.JPG,68
677,high,distract,2206,iaps/3261h.jpg,71
677,high,distract,4461,iaps/3230h.JPG,74
677,low,reappraise,3154,iaps/9102l.JPG,77
677,low,reappraise,2215,iaps/1301l.jpg,80
677,high,distract,2642,iaps/9181h.jpg,83
677,high,distract,1946,iaps/3000h.JPG,86
677,low,distract,4729,iaps/9470l.jpg,89
677,low,reappraise,1960,iaps/6836l.jpg,92
677,low,reappraise,4636,iaps/7360l.JPG,95
677,low,reappraise,3206,iaps/9440l.JPG,98
677,high,distract,2123,iaps/3068h.jpg,101
677,low,reappraise,6057,iaps/6190l.JPG,104
677,high,reappraise,3822,iaps/2800h.JPG,107
677,high,reappraise,2701,iaps/9252h.jpg,110
677,high,distract,3647,iaps/9410h.JPG,113
677,high,distract,2709,iaps/2053h.JPG,116
677,low,reappraise,2608,iaps/2700l.JPG,119
677,low,reappraise,5205,iaps/2312l.jpg,122
677,low,reappraise,1820,iaps/2490l.JPG,125
677,high,reappraise,5146,iaps/6831h.jpg,128
671,low,reappraise,2215,iaps/2691l.jpg,41
671,low,distract,2560,iaps/7360l.JPG,44
671,low,reappraise,2742,iaps/6010l.JPG,47
671,low,reappraise,1807,iaps/9440l.JPG,50
671,high,reappraise,1676,iaps/3180h.JPG,53
671,high,distract,1443,iaps/2053h.JPG,56
671,low,distract,1677,iaps/6836l.jpg,59
671,high,distract,2742,iaps/3000h.JPG,62
671,high,distract,1259,iaps/9252h.jpg,65
671,low,reappraise,1559,iaps/9160l.JPG,68
671,high,distract,1626,iaps/3261h.jpg,71
671,low,reappraise,2159,iaps/2312l.jpg,74
671,low,distract,2210,iaps/2278l.jpg,77
671,high,distract,1425,iaps/3140h.JPG,80
671,high,distract,1343,iaps/9181h.jpg,83
671,low,reappraise,1776,iaps/6190l.JPG,86
671,high,distract,2425,iaps/3068h.jpg,89
671,high,distract,3374,iaps/2800h.JPG,92
671,low,reappraise,1424,iaps/2490l.JPG,95
671,low,reappraise,1260,iaps/9120l.JPG,98
671,low,reappraise,5808,iaps/1301l.jpg,101
671,high,reappraise,1925,iaps/3150h.JPG,104
671,low,distract,9660,iaps/2700l.JPG,107
671,high,distract,2596,iaps/3230h.JPG,110
671,low,reappraise,2657,iaps/9470l.jpg,113
671,high,reappraise,2359,iaps/9410h.JPG,116
671,high,distract,4294,iaps/3530h.JPG,119
671,high,distract,2207,iaps/9420h.JPG,122
671,low,reappraise,1843,iaps/9102l.JPG,125
671,high,distract,2393,iaps/6831h.jpg,128
744,low,distract,79411,iaps/6010l.JPG,41
744,high,reappraise,3015,iaps/6831h.jpg,44
744,high,distract,2541,iaps/9181h.jpg,47
744,high,distract,2118,iaps/9420h.JPG,50
744,low,distract,43679,iaps/9470l.jpg,53
744,low,distract,1700,iaps/6190l.JPG,56
744,low,reappraise,2379,iaps/9102l.JPG,59
744,high,distract,2110,iaps/9410h.JPG,62
744,high,distract,1592,iaps/3180h.JPG,65
744,low,reappraise,1528,iaps/1301l.jpg,68
744,low,distract,1406,iaps/2700l.JPG,71
744,low,distract,19623,iaps/6836l.jpg,74
744,high,reappraise,2602,iaps/3230h.JPG,77
744,high,distract,2602,iaps/3000h.JPG,80
744,low,distract,1769,iaps/9440l.JPG,83
744,low,reappraise,2031,iaps/9160l.JPG,86
744,high,distract,1935,iaps/3530h.JPG,89
744,high,reappraise,1478,iaps/3140h.JPG,92
744,low,distract,1126,iaps/2490l.JPG,95
744,low,reappraise,1333,iaps/7360l.JPG,98
744,low,distract,1245,iaps/2278l.jpg,101
744,high,reappraise,1827,iaps/9252h.jpg,104
744,low,distract,1505,iaps/2312l.jpg,107
744,low,reappraise,1259,iaps/2691l.jpg,110
744,high,distract,1149,iaps/2800h.JPG,113
744,high,distract,1679,iaps/3261h.jpg,116
744,high,distract,1230,iaps/3068h.jpg,119
744,high,reappraise,1965,iaps/2053h.JPG,122
744,high,distract,1566,iaps/3150h.JPG,125
744,low,distract,5167,iaps/9120l.JPG,128
700,low,reappraise,2303,iaps/7360l.JPG,41
700,high,distract,2322,iaps/9181h.jpg,44
700,low,distract,2383,iaps/9440l.JPG,47
700,high,distract,2406,iaps/3140h.JPG,50
700,low,reappraise,2421,iaps/9470l.jpg,53
700,low,reappraise,2527,iaps/2700l.JPG,56
700,low,distract,7771,iaps/6836l.jpg,59
700,low,distract,5389,iaps/6190l.JPG,62
700,low,reappraise,5730,iaps/9102l.JPG,65
700,high,reappraise,3016,iaps/3180h.JPG,68
700,low,distract,2437,iaps/9120l.JPG,71
700,high,distract,2941,iaps/9252h.jpg,74
700,low,reappraise,2721,iaps/1301l.jpg,77
700,low,reappraise,3085,iaps/2312l.jpg,80
700,high,distract,3190,iaps/9410h.JPG,83
700,low,reappraise,2801,iaps/2278l.jpg,86
700,high,distract,3907,iaps/2053h.JPG,89
700,high,distract,2666,iaps/3000h.JPG,92
700,high,reappraise,2301,iaps/6831h.jpg,95
700,high,distract,2643,iaps/9420h.JPG,98
700,low,reappraise,2203,iaps/2490l.JPG,101
700,high,distract,2636,iaps/3530h.JPG,104
700,low,reappraise,2967,iaps/6010l.JPG,107
700,high,distract,2446,iaps/3068h.jpg,110
700,low,distract,3097,iaps/9160l.JPG,113
700,high,distract,2586,iaps/2800h.JPG,116
700,low,reappraise,2510,iaps/2691l.jpg,119
700,high,distract,2541,iaps/3261h.jpg,122
700,high,distract,2691,iaps/3230h.JPG,125
700,high,distract,2660,iaps/3150h.JPG,128
686,low,reappraise,2503,iaps/1301l.jpg,41
686,low,distract,3150,iaps/9440l.JPG,44
686,high,reappraise,1765,iaps/2053h.JPG,47
686,low,reappraise,2577,iaps/7360l.JPG,50
686,high,reappraise,3798,iaps/3230h.JPG,53
686,high,distract,7899,iaps/3180h.JPG,56
686,high,distract,2477,iaps/9420h.JPG,59
686,high,distract,2035,iaps/6831h.jpg,62
686,low,reappraise,3864,iaps/2312l.jpg,65
686,low,distract,4275,iaps/9120l.JPG,68
686,high,distract,1968,iaps/2800h.JPG,71
686,low,reappraise,1754,iaps/6190l.JPG,74
686,low,distract,3823,iaps/2490l.JPG,77
686,high,distract,2232,iaps/9252h.jpg,80
686,low,reappraise,1992,iaps/9470l.jpg,83
686,low,reappraise,1969,iaps/2691l.jpg,86
686,high,distract,2791,iaps/3140h.JPG,89
686,high,distract,1515,iaps/9410h.JPG,92
686,high,distract,3700,iaps/3068h.jpg,95
686,high,distract,2310,iaps/3000h.JPG,98
686,high,distract,2402,iaps/3261h.jpg,101
686,high,reappraise,1705,iaps/9181h.jpg,104
686,high,distract,2246,iaps/3530h.JPG,107
686,low,reappraise,2776,iaps/2278l.jpg,110
686,low,reappraise,2197,iaps/6010l.JPG,113
686,high,distract,2547,iaps/3150h.JPG,116
686,low,reappraise,1934,iaps/9102l.JPG,119
686,low,reappraise,1697,iaps/2700l.JPG,122
686,low,reappraise,2700,iaps/9160l.JPG,125
686,low,reappraise,7848,iaps/6836l.jpg,128
699,low,reappraise,2054,iaps/6836l.jpg,41
699,low,reappraise,2222,iaps/2278l.jpg,44
699,low,distract,1905,iaps/9102l.JPG,47
699,low,distract,1742,iaps/9470l.jpg,50
699,low,reappraise,2273,iaps/9120l.JPG,53
699,low,reappraise,2763,iaps/6190l.JPG,56
699,high,distract,1541,iaps/3000h.JPG,59
699,low,reappraise,2123,iaps/7360l.JPG,62
699,high,distract,2112,iaps/3180h.JPG,65
699,high,distract,1644,iaps/9181h.jpg,68
699,low,distract,3055,iaps/9440l.JPG,71
699,low,reappraise,2046,iaps/2700l.JPG,74
699,high,distract,1826,iaps/9410h.JPG,77
699,high,distract,1629,iaps/2800h.JPG,80
699,high,distract,1743,iaps/3068h.jpg,83
699,high,distract,1790,iaps/3140h.JPG,86
699,high,distract,1941,iaps/3230h.JPG,89
699,high,distract,1631,iaps/3261h.jpg,92
699,low,distract,1856,iaps/1301l.jpg,95
699,low,reappraise,2072,iaps/2691l.jpg,98
699,high,reappraise,1890,iaps/6831h.jpg,101
699,high,distract,1959,iaps/9252h.jpg,104
699,low,reappraise,5043,iaps/6010l.JPG,107
699,high,reappraise,2207,iaps/3530h.JPG,110
699,high,distract,1756,iaps/3150h.JPG,113
699,high,distract,1588,iaps/9420h.JPG,116
699,low,reappraise,1971,iaps/9160l.JPG,119
699,high,distract,1992,iaps/2053h.JPG,122
699,low,reappraise,1989,iaps/2490l.JPG,125
699,low,reappraise,1621,iaps/2312l.jpg,128
708,low,reappraise,3400,iaps/2490l.JPG,41
708,low,distract,2952,iaps/6836l.jpg,44
708,high,reappraise,6675,iaps/3261h.jpg,47
708,high,reappraise,5228,iaps/2053h.JPG,50
708,high,distract,2995,iaps/9181h.jpg,53
708,high,reappraise,5647,iaps/9420h.JPG,56
708,high,distract,3825,iaps/3000h.JPG,59
708,high,distract,3482,iaps/3150h.JPG,62
708,low,reappraise,2807,iaps/2312l.jpg,65
708,high,reappraise,5392,iaps/3230h.JPG,68
708,low,distract,30005,iaps/9102l.JPG,71
708,low,reappraise,4404,iaps/9470l.jpg,74
708,low,distract,2358,iaps/9160l.JPG,77
708,high,reappraise,2381,iaps/6831h.jpg,80
708,low,distract,2278,iaps/9120l.JPG,83
708,low,distract,2376,iaps/9440l.JPG,86
708,high,reappraise,3140,iaps/2800h.JPG,89
708,low,distract,2844,iaps/2691l.jpg,92
708,low,distract,2436,iaps/6010l.JPG,95
708,low,distract,2927,iaps/7360l.JPG,98
708,high,reappraise,3629,iaps/3068h.jpg,101
708,high,distract,5338,iaps/9252h.jpg,104
708,high,distract,4001,iaps/3530h.JPG,107
708,low,reappraise,3722,iaps/2700l.JPG,110
708,low,distract,4149,iaps/1301l.jpg,113
708,low,distract,2357,iaps/2278l.jpg,116
708,high,reappraise,5922,iaps/3180h.JPG,119
708,high,distract,11444,iaps/9410h.JPG,122
708,high,reappraise,3559,iaps/3140h.JPG,125
708,low,distract,2180,iaps/6190l.JPG,128
687,high,reappraise,4952,iaps/3140h.JPG,41
687,low,reappraise,2996,iaps/9470l.jpg,44
687,high,distract,1852,iaps/3230h.JPG,47
687,low,reappraise,2925,iaps/6190l.JPG,50
687,low,reappraise,3485,iaps/6836l.jpg,53
687,high,distract,1879,iaps/3000h.JPG,56
687,low,distract,4610,iaps/2490l.JPG,59
687,high,reappraise,3866,iaps/9252h.jpg,62
687,high,reappraise,2485,iaps/2800h.JPG,65
687,low,distract,1884,iaps/9102l.JPG,68
687,low,distract,3411,iaps/9160l.JPG,71
687,low,reappraise,3705,iaps/9120l.JPG,74
687,high,reappraise,1614,iaps/3068h.jpg,77
687,high,distract,2529,iaps/9181h.jpg,80
687,high,distract,2775,iaps/3261h.jpg,83
687,low,distract,3384,iaps/2278l.jpg,86
687,low,reappraise,2602,iaps/6010l.JPG,89
687,high,reappraise,4725,iaps/9420h.JPG,92
687,high,reappraise,2139,iaps/2053h.JPG,95
687,low,distract,3912,iaps/7360l.JPG,98
687,low,reappraise,2439,iaps/9440l.JPG,101
687,low,reappraise,5368,iaps/2312l.jpg,104
687,high,distract,2013,iaps/3530h.JPG,107
687,low,reappraise,2100,iaps/2700l.JPG,110
687,low,reappraise,2788,iaps/2691l.jpg,113
687,high,distract,1816,iaps/3150h.JPG,116
687,low,reappraise,2210,iaps/1301l.jpg,119
687,high,reappraise,3488,iaps/6831h.jpg,122
687,high,reappraise,2319,iaps/3180h.JPG,125
687,high,distract,2765,iaps/9410h.JPG,128
174,low,distract,3247,iaps/6836l.jpg,41
174,low,reappraise,2865,iaps/6190l.JPG,44
174,high,reappraise,2614,iaps/3230h.JPG,47
174,high,distract,1683,iaps/3530h.JPG,50
174,low,reappraise,3291,iaps/6010l.JPG,53
174,high,distract,2535,iaps/9420h.JPG,56
174,high,distract,2847,iaps/3150h.JPG,59
174,high,reappraise,2055,iaps/9181h.jpg,62
174,high,distract,2818,iaps/3000h.JPG,65
174,low,reappraise,2505,iaps/9470l.jpg,68
174,low,reappraise,1578,iaps/2700l.JPG,71
174,high,distract,1804,iaps/6831h.jpg,74
174,low,reappraise,2840,iaps/1301l.jpg,77
174,low,reappraise,2724,iaps/9440l.JPG,80
174,high,distract,2135,iaps/3180h.JPG,83
174,low,distract,2872,iaps/2278l.jpg,86
174,low,reappraise,3307,iaps/9102l.JPG,89
174,low,reappraise,2795,iaps/2490l.JPG,92
174,high,distract,2344,iaps/2053h.JPG,95
174,low,reappraise,2614,iaps/7360l.JPG,98
174,high,distract,2638,iaps/3140h.JPG,101
174,high,distract,1554,iaps/2800h.JPG,104
174,high,distract,2052,iaps/9410h.JPG,107
174,high,distract,1685,iaps/9252h.jpg,110
174,low,reappraise,2573,iaps/9160l.JPG,113
174,low,reappraise,2043,iaps/9120l.JPG,116
174,low,reappraise,1726,iaps/2312l.jpg,119
174,high,distract,1689,iaps/3068h.jpg,122
174,low,distract,1184,iaps/2691l.jpg,125
174,high,distract,2172,iaps/3261h.jpg,128
704,low,distract,2517,iaps/6836l.jpg,41
704,high,distract,3319,iaps/3180h.JPG,44
704,low,reappraise,3547,iaps/2691l.jpg,47
704,high,distract,10711,iaps/3000h.JPG,50
704,high,distract,1858,iaps/9181h.jpg,53
704,high,distract,6389,iaps/3140h.JPG,56
704,low,reappraise,2579,iaps/6190l.JPG,59
704,high,reappraise,2889,iaps/2053h.JPG,62
704,low,reappraise,3091,iaps/9160l.JPG,65
704,low,reappraise,5280,iaps/9470l.jpg,68
704,low,reappraise,3707,iaps/2312l.jpg,71
704,high,distract,4929,iaps/2800h.JPG,74
704,high,distract,7051,iaps/3068h.jpg,77
704,high,reappraise,4972,iaps/9420h.JPG,80
704,low,reappraise,2281,iaps/2490l.JPG,83
704,high,distract,8148,iaps/9410h.JPG,86
704,high,distract,4856,iaps/3261h.jpg,89
704,low,reappraise,3311,iaps/9102l.JPG,92
704,low,reappraise,2848,iaps/9440l.JPG,95
704,high,reappraise,7079,iaps/6831h.jpg,98
704,high,distract,5778,iaps/9252h.jpg,101
704,low,reappraise,2733,iaps/7360l.JPG,104
704,low,reappraise,2427,iaps/2700l.JPG,107
704,high,distract,3461,iaps/3530h.JPG,110
704,low,reappraise,2436,iaps/1301l.jpg,113
704,low,reappraise,2724,iaps/9120l.JPG,116
704,low,reappraise,2721,iaps/2278l.jpg,119
704,low,reappraise,3081,iaps/6010l.JPG,122
704,high,distract,8313,iaps/3150h.JPG,125
704,high,reappraise,2684,iaps/3230h.JPG,128
695,high,distract,3275,iaps/9181h.jpg,41
695,high,distract,6183,iaps/3150h.JPG,44
695,low,reappraise,5778,iaps/9160l.JPG,47
695,high,reappraise,5064,iaps/2053h.JPG,50
695,high,distract,4150,iaps/3140h.JPG,53
695,high,reappraise,6530,iaps/3230h.JPG,56
695,low,distract,5748,iaps/7360l.JPG,59
695,high,distract,5519,iaps/3530h.JPG,62
695,low,distract,12159,iaps/2691l.jpg,65
695,high,distract,8099,iaps/3068h.jpg,68
695,low,distract,5133,iaps/9120l.JPG,71
695,low,distract,7914,iaps/6836l.jpg,74
695,high,reappraise,17349,iaps/3180h.JPG,77
695,high,distract,4668,iaps/3000h.JPG,80
695,low,reappraise,6017,iaps/2490l.JPG,83
695,high,distract,39310,iaps/3261h.jpg,86
695,high,distract,15235,iaps/9252h.jpg,89
695,low,reappraise,5360,iaps/6190l.JPG,92
695,low,distract,10231,iaps/1301l.jpg,95
695,low,distract,7215,iaps/2278l.jpg,98
695,low,distract,14179,iaps/6010l.JPG,101
695,high,distract,7233,iaps/6831h.jpg,104
695,low,distract,14860,iaps/9102l.JPG,107
695,high,distract,5047,iaps/9420h.JPG,110
695,high,distract,16950,iaps/9410h.JPG,113
695,low,distract,11779,iaps/2700l.JPG,116
695,high,distract,6214,iaps/2800h.JPG,119
695,low,distract,11002,iaps/9470l.jpg,122
695,low,distract,4904,iaps/9440l.JPG,125
695,low,reappraise,6213,iaps/2312l.jpg,128
770,low,reappraise,6104,iaps/9440l.JPG,41
770,low,reappraise,3452,iaps/1301l.jpg,44
770,high,reappraise,5000,iaps/2053h.JPG,47
770,high,distract,3725,iaps/3000h.JPG,50
770,low,distract,6201,iaps/9102l.JPG,53
770,low,reappraise,4226,iaps/9470l.jpg,56
770,low,distract,6578,iaps/6836l.jpg,59
770,low,reappraise,3005,iaps/9160l.JPG,62
770,low,distract,7301,iaps/9120l.JPG,65
770,high,distract,3348,iaps/9420h.JPG,68
770,high,distract,6053,iaps/6831h.jpg,71
770,low,reappraise,3021,iaps/2700l.JPG,74
770,low,reappraise,6006,iaps/7360l.JPG,77
770,low,reappraise,5241,iaps/6190l.JPG,80
770,high,distract,4467,iaps/3261h.jpg,83
770,low,reappraise,3904,iaps/6010l.JPG,86
770,high,distract,2539,iaps/3150h.JPG,89
770,low,reappraise,2174,iaps/2490l.JPG,92
770,low,reappraise,3104,iaps/2691l.jpg,95
770,high,distract,3179,iaps/3530h.JPG,98
770,high,reappraise,2801,iaps/3180h.JPG,101
770,high,distract,2090,iaps/3068h.jpg,104
770,low,reappraise,4119,iaps/2278l.jpg,107
770,high,distract,2162,iaps/3140h.JPG,110
770,low,reappraise,2028,iaps/2312l.jpg,113
770,high,reappraise,2796,iaps/2800h.JPG,116
770,high,distract,3213,iaps/9410h.JPG,119
770,high,distract,3601,iaps/9181h.jpg,122
770,high,reappraise,2912,iaps/3230h.JPG,125
770,high,distract,2862,iaps/9252h.jpg,128
167,high,distract,2224,iaps/3140h.JPG,41
167,low,reappraise,2359,iaps/1301l.jpg,44
167,low,reappraise,1677,iaps/2312l.jpg,47
167,low,distract,3564,iaps/9470l.jpg,50
167,high,reappraise,4008,iaps/3230h.JPG,53
167,low,reappraise,5547,iaps/9160l.JPG,56
167,low,distract,4643,iaps/9102l.JPG,59
167,low,reappraise,2714,iaps/6836l.jpg,62
167,high,distract,2382,iaps/2053h.JPG,65
167,low,reappraise,2828,iaps/2700l.JPG,68
167,high,distract,2164,iaps/3530h.JPG,71
167,low,reappraise,1949,iaps/6190l.JPG,74
167,high,reappraise,3950,iaps/3180h.JPG,77
167,high,distract,2980,iaps/3000h.JPG,80
167,low,distract,3097,iaps/9120l.JPG,83
167,low,reappraise,3107,iaps/2278l.jpg,86
167,high,distract,2459,iaps/3261h.jpg,89
167,high,distract,5231,iaps/6831h.jpg,92
167,low,reappraise,24933,iaps/2490l.JPG,95
167,high,distract,5800,iaps/3068h.jpg,98
167,high,distract,2280,iaps/9181h.jpg,101
167,low,reappraise,3652,iaps/2691l.jpg,104
167,high,distract,2105,iaps/9420h.JPG,107
167,high,distract,2226,iaps/2800h.JPG,110
167,low,reappraise,4169,iaps/7360l.JPG,113
167,high,distract,2545,iaps/9252h.jpg,116
167,low,reappraise,2730,iaps/6010l.JPG,119
167,high,distract,5046,iaps/9410h.JPG,122
167,high,distract,1905,iaps/3150h.JPG,125
167,low,reappraise,6252,iaps/9440l.JPG,128
675,high,distract,1686,iaps/3000h.JPG,41
675,low,reappraise,1340,iaps/2278l.jpg,44
675,low,reappraise,1817,iaps/9120l.JPG,47
675,high,reappraise,2106,iaps/2800h.JPG,50
675,high,distract,1456,iaps/9181h.jpg,53
675,low,reappraise,1917,iaps/9440l.JPG,56
675,high,distract,1771,iaps/3150h.JPG,59
675,high,distract,2269,iaps/9420h.JPG,62
675,low,reappraise,1334,iaps/9470l.jpg,65
675,low,reappraise,1386,iaps/2312l.jpg,68
675,high,distract,1139,iaps/3140h.JPG,71
675,low,reappraise,1277,iaps/9160l.JPG,74
675,high,distract,1208,iaps/3068h.jpg,77
675,high,reappraise,3018,iaps/6831h.jpg,80
675,high,distract,1276,iaps/3530h.JPG,83
675,high,distract,1437,iaps/3180h.JPG,86
675,low,reappraise,1254,iaps/2691l.jpg,89
675,high,distract,1376,iaps/3261h.jpg,92
675,low,reappraise,1178,iaps/1301l.jpg,95
675,high,reappraise,2363,iaps/3230h.JPG,98
675,low,reappraise,1630,iaps/6010l.JPG,101
675,low,reappraise,5165,iaps/2700l.JPG,104
675,low,reappraise,8985,iaps/6190l.JPG,107
675,low,distract,6361,iaps/6836l.jpg,110
675,low,reappraise,2217,iaps/7360l.JPG,113
675,high,reappraise,27107,iaps/2053h.JPG,116
675,low,reappraise,15269,iaps/9102l.JPG,119
675,high,distract,1302,iaps/9410h.JPG,122
675,high,reappraise,159609,iaps/9252h.jpg,125
675,low,reappraise,1149,iaps/2490l.JPG,128
684,low,distract,2356,iaps/9470l.jpg,41
684,high,distract,2788,iaps/3140h.JPG,44
684,high,distract,2917,iaps/9420h.JPG,47
684,high,distract,2704,iaps/6831h.jpg,50
684,low,reappraise,2518,iaps/2700l.JPG,53
684,high,distract,1351,iaps/2800h.JPG,56
684,low,reappraise,2430,iaps/2278l.jpg,59
684,high,distract,2447,iaps/9252h.jpg,62
684,high,distract,2191,iaps/3150h.JPG,65
684,low,distract,1543,iaps/2490l.JPG,68
684,high,reappraise,971,iaps/9410h.JPG,71
684,high,distract,1928,iaps/3068h.jpg,74
684,low,distract,1280,iaps/6190l.JPG,77
684,low,distract,3273,iaps/9440l.JPG,80
684,high,reappraise,2223,iaps/3261h.jpg,83
684,high,distract,1128,iaps/3180h.JPG,86
684,low,distract,1319,iaps/2312l.jpg,89
684,high,distract,946,iaps/3530h.JPG,92
684,high,distract,3493,iaps/9181h.jpg,95
684,low,distract,1599,iaps/6010l.JPG,98
684,high,reappraise,2894,iaps/3000h.JPG,101
684,low,distract,2522,iaps/6836l.jpg,104
684,high,distract,3116,iaps/2053h.JPG,107
684,low,distract,2701,iaps/9120l.JPG,110
684,low,reappraise,1516,iaps/7360l.JPG,113
684,low,reappraise,614,iaps/9102l.JPG,116
684,low,distract,457,iaps/9160l.JPG,119
684,low,reappraise,2499,iaps/1301l.jpg,122
684,low,distract,3102,iaps/2691l.jpg,125
684,high,distract,1026,iaps/3230h.JPG,128
707,high,distract,5678,iaps/3000h.JPG,41
707,high,distract,2029,iaps/3261h.jpg,44
707,high,distract,2938,iaps/9252h.jpg,47
707,low,distract,1615,iaps/9470l.jpg,50
707,low,distract,5279,iaps/6010l.JPG,53
707,low,distract,5201,iaps/7360l.JPG,56
707,low,distract,1593,iaps/2691l.jpg,59
707,low,distract,6087,iaps/9102l.JPG,62
707,high,distract,1173,iaps/3068h.jpg,65
707,low,distract,4223,iaps/9120l.JPG,68
707,high,distract,1086,iaps/3180h.JPG,71
707,low,distract,1647,iaps/2312l.jpg,74
707,high,distract,2643,iaps/3150h.JPG,77
707,low,distract,3984,iaps/6190l.JPG,80
707,high,reappraise,1908,iaps/6831h.jpg,83
707,high,distract,1443,iaps/3230h.JPG,86
707,low,distract,1554,iaps/2278l.jpg,89
707,high,distract,1532,iaps/3140h.JPG,92
707,low,distract,3047,iaps/2700l.JPG,95
707,high,reappraise,8041,iaps/2800h.JPG,98
707,low,distract,4661,iaps/6836l.jpg,101
707,low,distract,1790,iaps/1301l.jpg,104
707,low,distract,1516,iaps/9440l.JPG,107
707,low,distract,1017,iaps/9160l.JPG,110
707,high,distract,1588,iaps/9181h.jpg,113
707,high,distract,3797,iaps/2053h.JPG,116
707,high,distract,1492,iaps/9410h.JPG,119
707,high,distract,7407,iaps/3530h.JPG,122
707,high,distract,3423,iaps/9420h.JPG,125
707,low,distract,2657,iaps/2490l.JPG,128
689,low,reappraise,1754,iaps/2700l.JPG,41
689,low,distract,10502,iaps/6836l.jpg,44
689,high,distract,1802,iaps/3000h.JPG,47
689,high,distract,1940,iaps/9181h.jpg,50
689,high,reappraise,1785,iaps/3180h.JPG,53
689,high,distract,2335,iaps/9252h.jpg,56
689,high,reappraise,1433,iaps/3140h.JPG,59
689,high,distract,3339,iaps/2053h.JPG,62
689,high,distract,3805,iaps/2800h.JPG,65
689,low,distract,2085,iaps/6190l.JPG,68
689,high,distract,8819,iaps/9410h.JPG,71
689,low,distract,2885,iaps/2312l.jpg,74
689,low,reappraise,1501,iaps/9102l.JPG,77
689,low,distract,1353,iaps/6010l.JPG,80
689,low,distract,1939,iaps/9440l.JPG,83
689,high,reappraise,2403,iaps/3230h.JPG,86
689,high,distract,1340,iaps/3261h.jpg,89
689,high,distract,1225,iaps/3150h.JPG,92
689,low,reappraise,1309,iaps/2691l.jpg,95
689,low,reappraise,1337,iaps/9160l.JPG,98
689,low,reappraise,1387,iaps/2490l.JPG,101
689,low,distract,5455,iaps/9120l.JPG,104
689,low,reappraise,2372,iaps/7360l.JPG,107
689,low,distract,3037,iaps/1301l.jpg,110
689,low,reappraise,1519,iaps/9470l.jpg,113
689,high,distract,1608,iaps/3530h.JPG,116
689,high,distract,1520,iaps/3068h.jpg,119
689,low,reappraise,2037,iaps/2278l.jpg,122
689,high,distract,1308,iaps/9420h.JPG,125
689,high,distract,1421,iaps/6831h.jpg,128
673,high,reappraise,2622,iaps/9410h.JPG,41
673,high,distract,4697,iaps/3000h.JPG,44
673,low,reappraise,2564,iaps/9160l.JPG,47
673,low,reappraise,1761,iaps/6190l.JPG,50
673,high,distract,1874,iaps/6831h.jpg,53
673,high,reappraise,2010,iaps/3230h.JPG,56
673,high,distract,2303,iaps/9420h.JPG,59
673,high,distract,4728,iaps/9181h.jpg,62
673,low,reappraise,2594,iaps/1301l.jpg,65
673,high,distract,6248,iaps/3068h.jpg,68
673,high,reappraise,2779,iaps/3140h.JPG,71
673,low,distract,1827,iaps/2490l.JPG,74
673,high,distract,1776,iaps/2053h.JPG,77
673,high,reappraise,1878,iaps/3261h.jpg,80
673,high,reappraise,2241,iaps/3150h.JPG,83
673,high,reappraise,2331,iaps/2800h.JPG,86
673,low,reappraise,1624,iaps/9120l.JPG,89
673,low,distract,2589,iaps/9440l.JPG,92
673,high,distract,1792,iaps/3180h.JPG,95
673,low,reappraise,2083,iaps/2312l.jpg,98
673,high,reappraise,2117,iaps/3530h.JPG,101
673,low,reappraise,1742,iaps/7360l.JPG,104
673,low,reappraise,1476,iaps/2278l.jpg,107
673,low,reappraise,2001,iaps/9102l.JPG,110
673,low,reappraise,2628,iaps/6010l.JPG,113
673,low,distract,1726,iaps/2691l.jpg,116
673,low,distract,2964,iaps/9470l.jpg,119
673,low,distract,2201,iaps/2700l.JPG,122
673,low,reappraise,1805,iaps/6836l.jpg,125
673,high,distract,1850,iaps/9252h.jpg,128
691,low,distract,3807,iaps/2700l.JPG,41
691,high,distract,24511,iaps/6831h.jpg,44
691,low,reappraise,1115,iaps/2312l.jpg,47
691,high,reappraise,3160,iaps/2800h.JPG,50
691,high,reappraise,1885,iaps/9252h.jpg,53
691,low,reappraise,1641,iaps/2278l.jpg,56
691,high,distract,2613,iaps/3140h.JPG,59
691,low,reappraise,12803,iaps/6010l.JPG,62
691,low,reappraise,632,iaps/2490l.JPG,65
691,high,reappraise,1457,iaps/9181h.jpg,68
691,low,distract,3236,iaps/6836l.jpg,71
691,low,distract,2615,iaps/7360l.JPG,74
691,low,reappraise,2068,iaps/9102l.JPG,77
691,low,reappraise,3368,iaps/2691l.jpg,80
691,high,reappraise,6482,iaps/3150h.JPG,83
691,high,reappraise,1284,iaps/3530h.JPG,86
691,high,reappraise,2494,iaps/3261h.jpg,89
691,low,reappraise,7643,iaps/9440l.JPG,92
691,high,reappraise,1782,iaps/3068h.jpg,95
691,low,reappraise,1962,iaps/9470l.jpg,98
691,low,distract,1056,iaps/1301l.jpg,101
691,low,reappraise,2445,iaps/9120l.JPG,104
691,high,reappraise,10114,iaps/9410h.JPG,107
691,low,reappraise,2320,iaps/6190l.JPG,110
691,high,distract,930,iaps/3230h.JPG,113
691,high,distract,1508,iaps/2053h.JPG,116
691,low,reappraise,2751,iaps/9160l.JPG,119
691,high,reappraise,1496,iaps/3000h.JPG,122
691,high,reappraise,5703,iaps/3180h.JPG,125
691,high,reappraise,16429,iaps/9420h.JPG,128
693,high,distract,2297,iaps/3180h.JPG,41
693,high,distract,2091,iaps/2053h.JPG,44
693,low,reappraise,2655,iaps/2490l.JPG,47
693,high,distract,1408,iaps/9410h.JPG,50
693,high,distract,1060,iaps/3000h.JPG,53
693,high,distract,924,iaps/9181h.jpg,56
693,high,distract,943,iaps/6831h.jpg,59
693,low,reappraise,1670,iaps/7360l.JPG,62
693,high,distract,1383,iaps/3261h.jpg,65
693,low,distract,1394,iaps/2700l.JPG,68
693,high,distract,1017,iaps/9252h.jpg,71
693,low,reappraise,1843,iaps/2278l.jpg,74
693,high,distract,1064,iaps/3068h.jpg,77
693,low,reappraise,1851,iaps/9102l.JPG,80
693,high,distract,1023,iaps/2800h.JPG,83
693,low,reappraise,1328,iaps/9160l.JPG,86
693,high,distract,1008,iaps/3140h.JPG,89
693,high,distract,782,iaps/3150h.JPG,92
693,low,reappraise,1320,iaps/6836l.jpg,95
693,low,distract,1075,iaps/6010l.JPG,98
693,low,distract,1111,iaps/6190l.JPG,101
693,low,reappraise,755,iaps/9120l.JPG,104
693,low,reappraise,1460,iaps/2312l.jpg,107
693,low,distract,1501,iaps/9470l.jpg,110
693,high,reappraise,1699,iaps/3230h.JPG,113
693,low,reappraise,1255,iaps/1301l.jpg,116
693,high,distract,1124,iaps/3530h.JPG,119
693,low,reappraise,1100,iaps/2691l.jpg,122
693,low,reappraise,1325,iaps/9440l.JPG,125
693,high,distract,1029,iaps/9420h.JPG,128
172,high,distract,1402,iaps/9420h.JPG,41
172,low,reappraise,4731,iaps/9102l.JPG,44
172,high,distract,1598,iaps/9181h.jpg,47
172,high,distract,2070,iaps/3530h.JPG,50
172,high,reappraise,1787,iaps/3230h.JPG,53
172,high,distract,1588,iaps/3150h.JPG,56
172,high,reappraise,8621,iaps/2053h.JPG,59
172,low,reappraise,2087,iaps/2490l.JPG,62
172,high,reappraise,1624,iaps/2800h.JPG,65
172,high,distract,1501,iaps/3068h.jpg,68
172,high,distract,1267,iaps/3000h.JPG,71
172,low,reappraise,1779,iaps/9440l.JPG,74
172,low,reappraise,1654,iaps/7360l.JPG,77
172,low,reappraise,1674,iaps/6836l.jpg,80
172,low,reappraise,2586,iaps/9470l.jpg,83
172,low,reappraise,1628,iaps/9120l.JPG,86
172,low,reappraise,1727,iaps/9160l.JPG,89
172,high,reappraise,1730,iaps/3180h.JPG,92
172,high,distract,1794,iaps/9252h.jpg,95
172,low,reappraise,1932,iaps/2700l.JPG,98
172,low,reappraise,3330,iaps/2278l.jpg,101
172,high,distract,1653,iaps/9410h.JPG,104
172,high,distract,1370,iaps/3261h.jpg,107
172,low,reappraise,1438,iaps/6010l.JPG,110
172,low,reappraise,1643,iaps/2691l.jpg,113
172,high,distract,1527,iaps/6831h.jpg,116
172,low,reappraise,1654,iaps/1301l.jpg,119
172,low,reappraise,1640,iaps/2312l.jpg,122
172,high,distract,1399,iaps/3140h.JPG,125
172,low,reappraise,2177,iaps/6190l.JPG,128
682,low,reappraise,2771,iaps/7360l.JPG,41
682,low,distract,7350,iaps/2490l.JPG,44
682,low,reappraise,2971,iaps/6836l.jpg,47
682,high,distract,2480,iaps/3261h.jpg,50
682,high,distract,2457,iaps/3068h.jpg,53
682,low,distract,2320,iaps/6190l.JPG,56
682,high,distract,2814,iaps/3530h.JPG,59
682,high,reappraise,2007,iaps/2053h.JPG,62
682,low,reappraise,3158,iaps/9440l.JPG,65
682,low,reappraise,1668,iaps/2278l.jpg,68
682,high,reappraise,2428,iaps/9252h.jpg,71
682,low,reappraise,3370,iaps/9120l.JPG,74
682,low,reappraise,3525,iaps/6010l.JPG,77
682,low,reappraise,2399,iaps/9102l.JPG,80
682,high,distract,1265,iaps/3140h.JPG,83
682,high,distract,2335,iaps/9420h.JPG,86
682,low,reappraise,1772,iaps/2700l.JPG,89
682,high,reappraise,2273,iaps/3230h.JPG,92
682,high,distract,1386,iaps/9181h.jpg,95
682,high,distract,1135,iaps/3000h.JPG,98
682,low,distract,5810,iaps/9470l.jpg,101
682,low,reappraise,1827,iaps/1301l.jpg,104
682,high,reappraise,1965,iaps/6831h.jpg,107
682,low,reappraise,1280,iaps/9160l.JPG,110
682,high,distract,2683,iaps/2800h.JPG,113
682,low,reappraise,2981,iaps/2691l.jpg,116
682,high,reappraise,2581,iaps/9410h.JPG,119
682,high,reappraise,2718,iaps/3180h.JPG,122
682,high,distract,1375,iaps/3150h.JPG,125
682,low,reappraise,1420,iaps/2312l.jpg,128
678,low,reappraise,2350,iaps/7360l.JPG,41
678,low,distract,1749,iaps/6836l.jpg,44
678,low,reappraise,2081,iaps/1301l.jpg,47
678,high,distract,2014,iaps/9252h.jpg,50
678,low,distract,1892,iaps/9440l.JPG,53
678,low,reappraise,2286,iaps/2490l.JPG,56
678,high,distract,1813,iaps/9410h.JPG,59
678,low,distract,4650,iaps/9470l.jpg,62
678,high,distract,1919,iaps/3140h.JPG,65
678,high,reappraise,2450,iaps/2053h.JPG,68
678,low,reappraise,1956,iaps/6190l.JPG,71
678,low,distract,2586,iaps/2278l.jpg,74
678,low,reappraise,2089,iaps/2700l.JPG,77
678,high,reappraise,1922,iaps/3230h.JPG,80
678,low,distract,2449,iaps/9102l.JPG,83
678,low,reappraise,2962,iaps/6010l.JPG,86
678,high,distract,1654,iaps/3150h.JPG,89
678,high,distract,1498,iaps/3068h.jpg,92
678,high,distract,1471,iaps/9181h.jpg,95
678,low,reappraise,1474,iaps/9160l.JPG,98
678,high,distract,1492,iaps/6831h.jpg,101
678,high,distract,1579,iaps/2800h.JPG,104
678,low,reappraise,2022,iaps/2691l.jpg,107
678,high,distract,1346,iaps/9420h.JPG,110
678,low,reappraise,1706,iaps/2312l.jpg,113
678,high,distract,3996,iaps/3261h.jpg,116
678,high,reappraise,4834,iaps/3180h.JPG,119
678,low,reappraise,1823,iaps/9120l.JPG,122
678,high,distract,1326,iaps/3000h.JPG,125
678,high,reappraise,2202,iaps/3530h.JPG,128
681,high,distract,2013,iaps/3000h.JPG,41
681,high,distract,2764,iaps/3230h.JPG,44
681,low,reappraise,2219,iaps/2490l.JPG,47
681,low,distract,2586,iaps/2691l.jpg,50
681,low,reappraise,2206,iaps/9102l.JPG,53
681,high,distract,1391,iaps/3068h.jpg,56
681,high,distract,1522,iaps/3150h.JPG,59
681,low,distract,36540,iaps/9440l.JPG,62
681,high,distract,2818,iaps/2053h.JPG,65
681,low,reappraise,84733,iaps/9120l.JPG,68
681,high,distract,4140,iaps/6831h.jpg,71
681,low,reappraise,3037,iaps/2312l.jpg,74
681,high,distract,3130,iaps/3530h.JPG,77
681,high,distract,4331,iaps/9181h.jpg,80
681,low,reappraise,2050,iaps/1301l.jpg,83
681,low,reappraise,3033,iaps/9470l.jpg,86
681,high,distract,3643,iaps/9252h.jpg,89
681,high,reappraise,1675,iaps/2800h.JPG,92
681,low,reappraise,2115,iaps/2278l.jpg,95
681,low,reappraise,2016,iaps/6836l.jpg,98
681,high,distract,1540,iaps/3140h.JPG,101
681,low,reappraise,3726,iaps/6190l.JPG,104
681,low,reappraise,2884,iaps/9160l.JPG,107
681,high,reappraise,7384,iaps/3180h.JPG,110
681,high,distract,2051,iaps/9420h.JPG,113
681,low,reappraise,1531,iaps/6010l.JPG,116
681,low,reappraise,1748,iaps/2700l.JPG,119
681,high,distract,1629,iaps/9410h.JPG,122
681,high,distract,1549,iaps/3261h.jpg,125
681,low,reappraise,1927,iaps/7360l.JPG,128
676,high,distract,1680,iaps/9181h.jpg,41
676,high,distract,1895,iaps/9252h.jpg,44
676,low,reappraise,2056,iaps/2490l.JPG,47
676,low,reappraise,916,iaps/9160l.JPG,50
676,high,reappraise,438,iaps/3150h.JPG,53
676,low,reappraise,2754,iaps/2691l.jpg,56
676,low,reappraise,944,iaps/6010l.JPG,59
676,high,reappraise,815,iaps/2053h.JPG,62
676,high,reappraise,2164,iaps/3261h.jpg,65
676,low,reappraise,1115,iaps/1301l.jpg,68
676,low,reappraise,1387,iaps/9120l.JPG,71
676,high,reappraise,3232,iaps/9420h.JPG,74
676,low,distract,1164,iaps/2312l.jpg,77
676,high,distract,801,iaps/2800h.JPG,80
676,low,distract,1293,iaps/9440l.JPG,83
676,high,distract,2941,iaps/6831h.jpg,86
676,low,distract,3645,iaps/7360l.JPG,89
676,low,distract,1337,iaps/2700l.JPG,92
676,high,distract,1169,iaps/3530h.JPG,95
676,high,distract,4471,iaps/3000h.JPG,98
676,high,distract,1997,iaps/3140h.JPG,101
676,high,distract,2012,iaps/3180h.JPG,104
676,high,distract,3855,iaps/3230h.JPG,107
676,low,distract,1450,iaps/9470l.jpg,110
676,low,distract,5235,iaps/6190l.JPG,113
676,low,distract,2480,iaps/9102l.JPG,116
676,high,distract,548,iaps/3068h.jpg,119
676,low,distract,3860,iaps/2278l.jpg,122
676,high,distract,787,iaps/9410h.JPG,125
676,low,distract,3028,iaps/6836l.jpg,128
170,high,distract,3036,iaps/2800h.JPG,41
170,low,reappraise,1640,iaps/2700l.JPG,44
170,low,reappraise,3219,iaps/7360l.JPG,47
170,low,distract,2419,iaps/2312l.jpg,50
170,low,distract,1755,iaps/6836l.jpg,53
170,high,distract,1790,iaps/9252h.jpg,56
170,low,reappraise,2590,iaps/1301l.jpg,59
170,high,distract,2286,iaps/9420h.JPG,62
170,high,distract,1937,iaps/3000h.JPG,65
170,high,distract,2432,iaps/6831h.jpg,68
170,high,distract,1429,iaps/3140h.JPG,71
170,low,reappraise,1553,iaps/6010l.JPG,74
170,low,reappraise,2100,iaps/6190l.JPG,77
170,low,reappraise,1445,iaps/9160l.JPG,80
170,low,reappraise,7717,iaps/2278l.jpg,83
170,high,distract,4126,iaps/3261h.jpg,86
170,low,reappraise,3284,iaps/9440l.JPG,89
170,high,distract,1719,iaps/3068h.jpg,92
170,low,distract,2895,iaps/2691l.jpg,95
170,high,reappraise,2317,iaps/9410h.JPG,98
170,high,distract,1481,iaps/9181h.jpg,101
170,high,reappraise,2007,iaps/2053h.JPG,104
170,high,reappraise,2300,iaps/3530h.JPG,107
170,low,distract,2118,iaps/2490l.JPG,110
170,low,distract,2195,iaps/9102l.JPG,113
170,high,distract,3145,iaps/3180h.JPG,116
170,low,reappraise,1406,iaps/9470l.jpg,119
170,low,reappraise,1772,iaps/9120l.JPG,122
170,high,reappraise,2889,iaps/3230h.JPG,125
170,high,distract,1444,iaps/3150h.JPG,128
168,high,distract,2074,iaps/9252h.jpg,41
168,high,distract,1350,iaps/3530h.JPG,44
168,low,reappraise,3047,iaps/2691l.jpg,47
168,low,reappraise,71700,iaps/9440l.JPG,50
168,low,distract,2088,iaps/6836l.jpg,53
168,low,reappraise,1573,iaps/9160l.JPG,56
168,high,distract,1701,iaps/9410h.JPG,59
168,low,reappraise,4100,iaps/9470l.jpg,62
168,low,distract,1673,iaps/7360l.JPG,65
168,high,reappraise,1828,iaps/3230h.JPG,68
168,high,distract,2299,iaps/3150h.JPG,71
168,low,distract,1644,iaps/1301l.jpg,74
168,high,reappraise,2371,iaps/9181h.jpg,77
168,low,reappraise,1885,iaps/2490l.JPG,80
168,high,distract,1885,iaps/3261h.jpg,83
168,high,distract,1724,iaps/2053h.JPG,86
168,high,reappraise,1507,iaps/3180h.JPG,89
168,high,distract,2247,iaps/3140h.JPG,92
168,low,reappraise,2283,iaps/9102l.JPG,95
168,low,distract,3572,iaps/6190l.JPG,98
168,low,distract,2253,iaps/9120l.JPG,101
168,high,reappraise,2021,iaps/6831h.jpg,104
168,high,distract,1855,iaps/3000h.JPG,107
168,high,distract,1607,iaps/2800h.JPG,110
168,high,distract,5094,iaps/9420h.JPG,113
168,low,reappraise,2335,iaps/2278l.jpg,116
168,high,distract,1697,iaps/3068h.jpg,119
168,low,distract,1393,iaps/2312l.jpg,122
168,low,distract,3432,iaps/2700l.JPG,125
168,low,reappraise,1551,iaps/6010l.JPG,128
680,low,reappraise,3055,iaps/9102l.JPG,41
680,low,reappraise,1454,iaps/6010l.JPG,44
680,low,reappraise,2203,iaps/6836l.jpg,47
680,high,reappraise,1563,iaps/6831h.jpg,50
680,high,reappraise,2170,iaps/9181h.jpg,53
680,low,reappraise,1623,iaps/7360l.JPG,56
680,high,distract,2210,iaps/3140h.JPG,59
680,high,distract,1620,iaps/3230h.JPG,62
680,low,reappraise,1568,iaps/2312l.jpg,65
680,high,distract,1899,iaps/9252h.jpg,68
680,high,distract,1632,iaps/3530h.JPG,71
680,high,distract,2751,iaps/3180h.JPG,74
680,low,reappraise,1411,iaps/2691l.jpg,77
680,low,reappraise,1873,iaps/9120l.JPG,80
680,high,distract,1278,iaps/2053h.JPG,83
680,low,reappraise,1321,iaps/2700l.JPG,86
680,high,distract,933,iaps/3068h.jpg,89
680,low,reappraise,2111,iaps/9470l.jpg,92
680,high,distract,1291,iaps/3261h.jpg,95
680,high,reappraise,2840,iaps/2800h.JPG,98
680,high,distract,1204,iaps/9410h.JPG,101
680,low,reappraise,1452,iaps/6190l.JPG,104
680,low,reappraise,1487,iaps/1301l.jpg,107
680,high,distract,992,iaps/3000h.JPG,110
680,low,reappraise,1304,iaps/2278l.jpg,113
680,low,reappraise,1252,iaps/9160l.JPG,116
680,high,distract,1278,iaps/3150h.JPG,119
680,low,reappraise,1220,iaps/2490l.JPG,122
680,high,distract,1020,iaps/9420h.JPG,125
680,low,reappraise,1009,iaps/9440l.JPG,128
760,low,reappraise,2305,iaps/1301l.jpg,41
760,low,distract,3301,iaps/9470l.jpg,44
760,high,distract,2526,iaps/3150h.JPG,47
760,low,reappraise,2092,iaps/6010l.JPG,50
760,low,distract,3183,iaps/9440l.JPG,53
760,high,distract,3238,iaps/3230h.JPG,56
760,high,distract,2378,iaps/2800h.JPG,59
760,high,distract,2753,iaps/3530h.JPG,62
760,high,distract,1817,iaps/9410h.JPG,65
760,low,reappraise,2111,iaps/2490l.JPG,68
760,low,reappraise,2298,iaps/6836l.jpg,71
760,high,distract,1969,iaps/3261h.jpg,74
760,low,reappraise,1437,iaps/2278l.jpg,77
760,low,reappraise,1264,iaps/2312l.jpg,80
760,high,distract,2011,iaps/9420h.JPG,83
760,low,reappraise,2623,iaps/9160l.JPG,86
760,low,reappraise,2362,iaps/7360l.JPG,89
760,high,distract,1850,iaps/6831h.jpg,92
760,low,reappraise,2645,iaps/2700l.JPG,95
760,low,reappraise,3051,iaps/2691l.jpg,98
760,high,distract,1736,iaps/3140h.JPG,101
760,low,reappraise,1707,iaps/9120l.JPG,104
760,high,distract,1362,iaps/9181h.jpg,107
760,high,distract,1467,iaps/9252h.jpg,110
760,high,reappraise,1896,iaps/3180h.JPG,113
760,low,distract,2021,iaps/6190l.JPG,116
760,high,distract,1595,iaps/3000h.JPG,119
760,high,reappraise,1786,iaps/2053h.JPG,122
760,high,distract,1911,iaps/3068h.jpg,125
760,low,distract,2841,iaps/9102l.JPG,128
164,high,distract,2016,iaps/3068h.jpg,41
164,high,distract,1530,iaps/3140h.JPG,44
164,low,reappraise,1344,iaps/9470l.jpg,47
164,low,distract,6090,iaps/2490l.JPG,50
164,high,reappraise,1748,iaps/9420h.JPG,53
164,high,distract,2287,iaps/2053h.JPG,56
164,high,reappraise,1585,iaps/3150h.JPG,59
164,low,distract,1949,iaps/6836l.jpg,62
164,low,reappraise,1814,iaps/2278l.jpg,65
164,low,distract,3609,iaps/2691l.jpg,68
164,high,reappraise,2011,iaps/3530h.JPG,71
164,low,distract,1726,iaps/2312l.jpg,74
164,low,reappraise,1435,iaps/9120l.JPG,77
164,high,distract,1830,iaps/6831h.jpg,80
164,low,distract,3497,iaps/6190l.JPG,83
164,high,reappraise,7749,iaps/2800h.JPG,86
164,high,reappraise,1697,iaps/9181h.jpg,89
164,low,reappraise,4502,iaps/9440l.JPG,92
164,high,distract,1509,iaps/3230h.JPG,95
164,low,distract,2162,iaps/9102l.JPG,98
164,high,reappraise,2733,iaps/9252h.jpg,101
164,high,distract,2743,iaps/9410h.JPG,104
164,low,reappraise,1706,iaps/9160l.JPG,107
164,high,reappraise,6602,iaps/3180h.JPG,110
164,high,distract,1736,iaps/3000h.JPG,113
164,low,reappraise,1898,iaps/2700l.JPG,116
164,low,distract,4081,iaps/7360l.JPG,119
164,low,distract,1154,iaps/6010l.JPG,122
164,low,reappraise,1704,iaps/1301l.jpg,125
164,high,distract,2053,iaps/3261h.jpg,128
166,low,reappraise,3110,iaps/2490l.JPG,41
166,high,distract,2430,iaps/2053h.JPG,44
166,low,distract,4361,iaps/9102l.JPG,47
166,high,distract,1845,iaps/9181h.jpg,50
166,low,reappraise,1829,iaps/1301l.jpg,53
166,high,distract,2092,iaps/9252h.jpg,56
166,high,distract,2229,iaps/3261h.jpg,59
166,high,distract,2097,iaps/3230h.JPG,62
166,low,reappraise,1496,iaps/6836l.jpg,65
166,high,distract,1837,iaps/3000h.JPG,68
166,low,reappraise,1572,iaps/9440l.JPG,71
166,high,distract,1731,iaps/6831h.jpg,74
166,low,reappraise,1513,iaps/2700l.JPG,77
166,low,reappraise,1533,iaps/7360l.JPG,80
166,low,reappraise,2059,iaps/6190l.JPG,83
166,high,distract,1831,iaps/3150h.JPG,86
166,high,distract,2278,iaps/3180h.JPG,89
166,high,distract,1712,iaps/9410h.JPG,92
166,low,reappraise,1593,iaps/9160l.JPG,95
166,high,reappraise,1864,iaps/3530h.JPG,98
166,high,distract,1528,iaps/3140h.JPG,101
166,low,reappraise,2363,iaps/9470l.jpg,104
166,high,distract,2958,iaps/2800h.JPG,107
166,low,reappraise,2410,iaps/6010l.JPG,110
166,high,distract,1592,iaps/3068h.jpg,113
166,low,reappraise,2033,iaps/2691l.jpg,116
166,low,reappraise,3065,iaps/2278l.jpg,119
166,low,distract,1374,iaps/2312l.jpg,122
166,high,distract,1382,iaps/9420h.JPG,125
166,low,reappraise,1563,iaps/9120l.JPG,128
685,high,distract,2096,iaps/9181h.jpg,41
685,low,reappraise,1530,iaps/9102l.JPG,44
685,low,reappraise,1083,iaps/2312l.jpg,47
685,high,distract,1104,iaps/6831h.jpg,50
685,low,distract,1093,iaps/9470l.jpg,53
685,low,reappraise,1155,iaps/7360l.JPG,56
685,high,reappraise,2750,iaps/2800h.JPG,59
685,low,reappraise,1507,iaps/6836l.jpg,62
685,low,distract,1091,iaps/9440l.JPG,65
685,high,distract,988,iaps/3068h.jpg,68
685,high,distract,1185,iaps/3180h.JPG,71
685,low,reappraise,1407,iaps/6010l.JPG,74
685,high,distract,1757,iaps/9410h.JPG,77
685,low,reappraise,1148,iaps/2490l.JPG,80
685,low,reappraise,1086,iaps/2278l.jpg,83
685,low,reappraise,1117,iaps/9160l.JPG,86
685,low,reappraise,1134,iaps/6190l.JPG,89
685,low,reappraise,1035,iaps/2700l.JPG,92
685,low,distract,1104,iaps/9120l.JPG,95
685,low,reappraise,6193,iaps/1301l.jpg,98
685,high,distract,1115,iaps/2053h.JPG,101
685,high,distract,1169,iaps/3140h.JPG,104
685,high,distract,1190,iaps/9420h.JPG,107
685,high,distract,1010,iaps/3000h.JPG,110
685,high,distract,1797,iaps/3261h.jpg,113
685,low,reappraise,1328,iaps/2691l.jpg,116
685,high,reappraise,1109,iaps/3230h.JPG,119
685,high,distract,1194,iaps/9252h.jpg,122
685,high,distract,1400,iaps/3530h.JPG,125
685,high,distract,1215,iaps/3150h.JPG,128
692,high,distract,2105,iaps/9410h.JPG,41
692,high,distract,1677,iaps/3230h.JPG,44
692,high,distract,1700,iaps/3261h.jpg,47
692,low,reappraise,1828,iaps/2278l.jpg,50
692,high,distract,1460,iaps/9181h.jpg,53
692,low,reappraise,1421,iaps/2700l.JPG,56
692,high,distract,1742,iaps/9252h.jpg,59
692,low,reappraise,1907,iaps/2691l.jpg,62
692,high,distract,1608,iaps/3530h.JPG,65
692,low,reappraise,1697,iaps/6836l.jpg,68
692,low,reappraise,1425,iaps/6010l.JPG,71
692,high,distract,1512,iaps/3140h.JPG,74
692,high,distract,1671,iaps/3150h.JPG,77
692,low,reappraise,1852,iaps/2490l.JPG,80
692,low,reappraise,1580,iaps/2312l.jpg,83
692,low,reappraise,1549,iaps/9102l.JPG,86
692,low,reappraise,2132,iaps/9440l.JPG,89
692,low,reappraise,1822,iaps/1301l.jpg,92
692,high,distract,2032,iaps/2053h.JPG,95
692,high,distract,1942,iaps/3068h.jpg,98
692,high,reappraise,1233,iaps/2800h.JPG,101
692,low,reappraise,1329,iaps/6190l.JPG,104
692,low,reappraise,1032,iaps/9160l.JPG,107
692,high,distract,1823,iaps/3000h.JPG,110
692,high,distract,1887,iaps/6831h.jpg,113
692,high,distract,1835,iaps/3180h.JPG,116
692,high,distract,2227,iaps/9420h.JPG,119
692,low,reappraise,1298,iaps/9470l.jpg,122
692,low,reappraise,1407,iaps/9120l.JPG,125
692,low,reappraise,1338,iaps/7360l.JPG,128
745,low,reappraise,2575,iaps/1301l.jpg,41
745,low,distract,3860,iaps/9160l.JPG,44
745,high,distract,2492,iaps/3230h.JPG,47
745,high,distract,2566,iaps/3530h.JPG,50
745,low,distract,3754,iaps/9120l.JPG,53
745,low,reappraise,3870,iaps/9440l.JPG,56
745,high,distract,2149,iaps/3261h.jpg,59
745,low,reappraise,3315,iaps/6010l.JPG,62
745,low,reappraise,2644,iaps/2691l.jpg,65
745,low,reappraise,6337,iaps/2278l.jpg,68
745,high,distract,2612,iaps/3068h.jpg,71
745,low,reappraise,4172,iaps/9470l.jpg,74
745,high,distract,2865,iaps/3000h.JPG,77
745,low,reappraise,2601,iaps/7360l.JPG,80
745,low,reappraise,2370,iaps/9102l.JPG,83
745,high,distract,2627,iaps/9181h.jpg,86
745,high,reappraise,3377,iaps/3150h.JPG,89
745,low,reappraise,2042,iaps/2700l.JPG,92
745,high,distract,3476,iaps/9410h.JPG,95
745,high,distract,3047,iaps/9420h.JPG,98
745,high,distract,2284,iaps/2800h.JPG,101
745,high,distract,4827,iaps/9252h.jpg,104
745,low,distract,2127,iaps/2312l.jpg,107
745,high,distract,2512,iaps/2053h.JPG,110
745,low,distract,2109,iaps/6190l.JPG,113
745,high,reappraise,7714,iaps/3180h.JPG,116
745,high,distract,2862,iaps/6831h.jpg,119
745,high,distract,3272,iaps/3140h.JPG,122
745,low,reappraise,4370,iaps/6836l.jpg,125
745,low,reappraise,3976,iaps/2490l.JPG,128
674,high,reappraise,3190,iaps/9420h.JPG,41
674,high,distract,1918,iaps/2800h.JPG,44
674,high,distract,1750,iaps/9410h.JPG,47
674,high,distract,2030,iaps/2053h.JPG,50
674,high,distract,2279,iaps/9252h.jpg,53
674,low,distract,2582,iaps/6836l.jpg,56
674,high,distract,1988,iaps/3230h.JPG,59
674,low,reappraise,4191,iaps/2278l.jpg,62
674,low,distract,2325,iaps/9440l.JPG,65
674,low,reappraise,2512,iaps/2691l.jpg,68
674,high,distract,2048,iaps/3068h.jpg,71
674,high,distract,2040,iaps/3150h.JPG,74
674,high,distract,2237,iaps/3261h.jpg,77
674,low,reappraise,3128,iaps/7360l.JPG,80
674,low,reappraise,1831,iaps/2312l.jpg,83
674,high,distract,2667,iaps/9181h.jpg,86
674,high,reappraise,2041,iaps/3180h.JPG,89
674,high,reappraise,2127,iaps/3530h.JPG,92
674,low,reappraise,2281,iaps/2490l.JPG,95
674,low,reappraise,2437,iaps/6010l.JPG,98
674,high,distract,1869,iaps/3140h.JPG,101
674,low,distract,3699,iaps/9470l.jpg,104
674,low,reappraise,1940,iaps/6190l.JPG,107
674,low,reappraise,2072,iaps/1301l.jpg,110
674,low,reappraise,1046,iaps/2700l.JPG,113
674,low,reappraise,1217,iaps/9160l.JPG,116
674,high,reappraise,1278,iaps/6831h.jpg,119
674,low,reappraise,2103,iaps/9120l.JPG,122
674,low,reappraise,1538,iaps/9102l.JPG,125
674,high,distract,1468,iaps/3000h.JPG,128
688,high,reappraise,3062,iaps/2800h.JPG,41
688,high,distract,2561,iaps/3150h.JPG,44
688,low,distract,1453,iaps/9470l.jpg,47
688,low,distract,1797,iaps/6190l.JPG,50
688,high,reappraise,1584,iaps/9420h.JPG,53
688,low,distract,2011,iaps/2490l.JPG,56
688,high,distract,725,iaps/3180h.JPG,59
688,high,reappraise,2939,iaps/9181h.jpg,62
688,low,distract,4431,iaps/2312l.jpg,65
688,high,distract,2604,iaps/3068h.jpg,68
688,low,reappraise,2353,iaps/2700l.JPG,71
688,low,reappraise,2216,iaps/9102l.JPG,74
688,high,distract,1730,iaps/3261h.jpg,77
688,low,reappraise,8858,iaps/2691l.jpg,80
688,low,reappraise,3057,iaps/7360l.JPG,83
688,high,distract,2217,iaps/3140h.JPG,86
688,low,reappraise,1921,iaps/9120l.JPG,89
688,high,distract,3974,iaps/9410h.JPG,92
688,low,reappraise,2451,iaps/9160l.JPG,95
688,high,reappraise,2625,iaps/3530h.JPG,98
688,low,distract,2616,iaps/6010l.JPG,101
688,high,distract,2483,iaps/3230h.JPG,104
688,high,distract,2428,iaps/3000h.JPG,107
688,low,distract,3018,iaps/9440l.JPG,110
688,low,distract,1365,iaps/6836l.jpg,113
688,high,reappraise,2165,iaps/2053h.JPG,116
688,high,distract,2203,iaps/9252h.jpg,119
688,low,reappraise,1656,iaps/1301l.jpg,122
688,low,reappraise,1354,iaps/2278l.jpg,125
688,high,distract,2374,iaps/6831h.jpg,128
701,low,distract,13789,iaps/2700l.JPG,41
701,high,reappraise,5762,iaps/9420h.JPG,44
701,low,distract,3236,iaps/9440l.JPG,47
701,high,distract,17051,iaps/3230h.JPG,50
701,high,distract,8147,iaps/9181h.jpg,53
701,low,distract,6706,iaps/9160l.JPG,56
701,low,reappraise,7083,iaps/6190l.JPG,59
701,high,distract,5283,iaps/3068h.jpg,62
701,low,distract,5411,iaps/9102l.JPG,65
701,high,distract,2918,iaps/6831h.jpg,68
701,high,distract,3662,iaps/3530h.JPG,71
701,low,reappraise,4562,iaps/1301l.jpg,74
701,low,distract,4105,iaps/6010l.JPG,77
701,high,distract,3075,iaps/3261h.jpg,80
701,high,distract,2100,iaps/9410h.JPG,83
701,low,reappraise,10591,iaps/2691l.jpg,86
701,low,distract,3738,iaps/2312l.jpg,89
701,low,distract,1541,iaps/7360l.JPG,92
701,high,distract,3672,iaps/9252h.jpg,95
701,high,distract,3872,iaps/2053h.JPG,98
701,high,reappraise,4552,iaps/3000h.JPG,101
701,low,reappraise,2901,iaps/2278l.jpg,104
701,low,distract,3588,iaps/9120l.JPG,107
701,low,distract,4908,iaps/2490l.JPG,110
701,high,distract,2848,iaps/3140h.JPG,113
701,low,distract,2073,iaps/9470l.jpg,116
701,high,reappraise,6813,iaps/2800h.JPG,119
701,high,distract,3882,iaps/3180h.JPG,122
701,high,distract,8730,iaps/3150h.JPG,125
701,low,distract,2030,iaps/6836l.jpg,128
752,high,reappraise,2048,iaps/3180h.JPG,41
752,high,reappraise,3910,iaps/3230h.JPG,44
752,low,distract,1236,iaps/2700l.JPG,47
752,high,distract,2627,iaps/9410h.JPG,50
752,low,reappraise,2955,iaps/9160l.JPG,53
752,low,reappraise,2215,iaps/1301l.jpg,56
752,high,distract,2173,iaps/2053h.JPG,59
752,high,distract,1728,iaps/3000h.JPG,62
752,low,distract,2265,iaps/6836l.jpg,65
752,high,reappraise,1896,iaps/2800h.JPG,68
752,high,distract,1839,iaps/3261h.jpg,71
752,high,reappraise,2448,iaps/3530h.JPG,74
752,low,reappraise,2320,iaps/6190l.JPG,77
752,low,distract,6936,iaps/2278l.jpg,80
752,low,reappraise,1819,iaps/2312l.jpg,83
752,high,reappraise,1320,iaps/6831h.jpg,86
752,low,reappraise,1931,iaps/9440l.JPG,89
752,low,reappraise,4307,iaps/7360l.JPG,92
752,low,reappraise,2041,iaps/2490l.JPG,95
752,low,reappraise,1952,iaps/9102l.JPG,98
752,low,distract,2084,iaps/6010l.JPG,101
752,high,distract,2277,iaps/9252h.jpg,104
752,low,distract,2315,iaps/9470l.jpg,107
752,high,distract,1969,iaps/3140h.JPG,110
752,high,distract,1951,iaps/3068h.jpg,113
752,high,distract,1742,iaps/3150h.JPG,116
752,high,distract,1459,iaps/9181h.jpg,119
752,high,distract,2299,iaps/9420h.JPG,122
752,low,reappraise,2100,iaps/9120l.JPG,125
752,low,reappraise,1870,iaps/2691l.jpg,128
679,high,distract,1881,iaps/9252h.jpg,41
679,low,reappraise,2009,iaps/2312l.jpg,44
679,low,distract,3710,iaps/6190l.JPG,47
679,low,reappraise,1752,iaps/2700l.JPG,50
679,low,reappraise,3817,iaps/1301l.jpg,53
679,high,distract,2454,iaps/3230h.JPG,56
679,low,distract,2372,iaps/2691l.jpg,59
679,high,reappraise,1941,iaps/2053h.JPG,62
679,high,distract,1653,iaps/3140h.JPG,65
679,high,reappraise,1529,iaps/3180h.JPG,68
679,low,distract,1893,iaps/7360l.JPG,71
679,low,distract,4879,iaps/9470l.jpg,74
679,high,distract,2610,iaps/3530h.JPG,77
679,low,reappraise,1547,iaps/2490l.JPG,80
679,high,distract,1656,iaps/9420h.JPG,83
679,low,reappraise,1501,iaps/6836l.jpg,86
679,high,distract,1904,iaps/3068h.jpg,89
679,low,reappraise,3346,iaps/9102l.JPG,92
679,high,distract,9502,iaps/6831h.jpg,95
679,high,distract,1756,iaps/9410h.JPG,98
679,low,reappraise,1913,iaps/9440l.JPG,101
679,low,reappraise,1660,iaps/2278l.jpg,104
679,low,reappraise,1819,iaps/9160l.JPG,107
679,high,distract,2179,iaps/3150h.JPG,110
679,high,distract,2230,iaps/3261h.jpg,113
679,high,distract,2832,iaps/9181h.jpg,116
679,high,distract,1594,iaps/3000h.JPG,119
679,low,reappraise,2388,iaps/9120l.JPG,122
679,low,reappraise,2172,iaps/6010l.JPG,125
679,high,distract,2080,iaps/2800h.JPG,128
703,low,distract,3399,iaps/9102l.JPG,41
703,low,reappraise,2583,iaps/2312l.jpg,44
703,low,distract,2996,iaps/9120l.JPG,47
703,low,distract,3581,iaps/1301l.jpg,50
703,high,distract,2722,iaps/3230h.JPG,53
703,high,distract,2732,iaps/3261h.jpg,56
703,high,distract,3516,iaps/3150h.JPG,59
703,high,reappraise,3161,iaps/2053h.JPG,62
703,high,reappraise,3184,iaps/3140h.JPG,65
703,low,reappraise,3256,iaps/2278l.jpg,68
703,high,distract,2362,iaps/3530h.JPG,71
703,low,distract,3295,iaps/7360l.JPG,74
703,high,distract,2263,iaps/3000h.JPG,77
703,low,distract,5138,iaps/2490l.JPG,80
703,high,distract,2163,iaps/3068h.jpg,83
703,high,distract,2408,iaps/2800h.JPG,86
703,high,reappraise,2652,iaps/9252h.jpg,89
703,low,reappraise,2524,iaps/9160l.JPG,92
703,low,reappraise,3731,iaps/6190l.JPG,95
703,low,reappraise,4682,iaps/9470l.jpg,98
703,high,distract,2489,iaps/9181h.jpg,101
703,high,reappraise,2554,iaps/3180h.JPG,104
703,low,reappraise,1886,iaps/2700l.JPG,107
703,low,reappraise,2333,iaps/6010l.JPG,110
703,high,reappraise,2479,iaps/9410h.JPG,113
703,high,distract,1485,iaps/9420h.JPG,116
703,low,reappraise,1702,iaps/9440l.JPG,119
703,low,reappraise,2402,iaps/2691l.jpg,122
703,high,distract,1983,iaps/6831h.jpg,125
703,low,reappraise,2838,iaps/6836l.jpg,128
165,low,reappraise,10277,iaps/2700l.JPG,41
165,low,reappraise,3970,iaps/1301l.jpg,44
165,high,reappraise,1106,iaps/2800h.JPG,47
165,low,reappraise,3330,iaps/9470l.jpg,50
165,high,reappraise,2069,iaps/3530h.JPG,53
165,high,reappraise,3760,iaps/2053h.JPG,56
165,low,reappraise,3133,iaps/9440l.JPG,59
165,high,reappraise,2048,iaps/3140h.JPG,62
165,high,distract,2411,iaps/6831h.jpg,65
165,low,distract,4328,iaps/9120l.JPG,68
165,low,reappraise,2534,iaps/2490l.JPG,71
165,low,reappraise,1737,iaps/7360l.JPG,74
165,high,reappraise,2895,iaps/3230h.JPG,77
165,low,distract,3350,iaps/2278l.jpg,80
165,high,distract,1127,iaps/3180h.JPG,83
165,low,distract,1982,iaps/2312l.jpg,86
165,low,distract,3400,iaps/9102l.JPG,89
165,high,reappraise,3090,iaps/9181h.jpg,92
165,high,distract,1448,iaps/9420h.JPG,95
165,low,distract,2191,iaps/6190l.JPG,98
165,low,distract,2114,iaps/9160l.JPG,101
165,low,reappraise,2178,iaps/6010l.JPG,104
165,high,reappraise,1358,iaps/9410h.JPG,107
165,low,distract,3683,iaps/2691l.jpg,110
165,high,distract,3125,iaps/3000h.JPG,113
165,high,distract,1938,iaps/9252h.jpg,116
165,high,distract,1751,iaps/3150h.JPG,119
165,high,distract,1586,iaps/3068h.jpg,122
165,high,reappraise,1348,iaps/3261h.jpg,125
165,low,reappraise,1452,iaps/6836l.jpg,128
694,high,distract,3350,iaps/3140h.JPG,41
694,high,reappraise,2328,iaps/9181h.jpg,44
694,high,reappraise,2806,iaps/3261h.jpg,47
694,low,distract,1860,iaps/2691l.jpg,50
694,low,distract,1836,iaps/7360l.JPG,53
694,low,reappraise,3764,iaps/9102l.JPG,56
694,low,distract,1637,iaps/9440l.JPG,59
694,low,distract,1306,iaps/6190l.JPG,62
694,low,reappraise,2177,iaps/9120l.JPG,65
694,high,reappraise,1880,iaps/3150h.JPG,68
694,low,distract,1564,iaps/9160l.JPG,71
694,low,distract,1402,iaps/6836l.jpg,74
694,high,distract,2608,iaps/9252h.jpg,77
694,high,reappraise,7795,iaps/6831h.jpg,80
694,low,reappraise,1369,iaps/9470l.jpg,83
694,high,distract,2017,iaps/3068h.jpg,86
694,low,distract,1418,iaps/2278l.jpg,89
694,high,reappraise,1623,iaps/9410h.JPG,92
694,low,distract,2530,iaps/1301l.jpg,95
694,low,distract,3363,iaps/6010l.JPG,98
694,high,reappraise,1705,iaps/3180h.JPG,101
694,high,reappraise,2790,iaps/2053h.JPG,104
694,low,reappraise,1293,iaps/2312l.jpg,107
694,high,distract,1776,iaps/3000h.JPG,110
694,low,distract,1529,iaps/2490l.JPG,113
694,high,distract,3423,iaps/9420h.JPG,116
694,high,distract,2264,iaps/2800h.JPG,119
694,low,reappraise,1207,iaps/2700l.JPG,122
694,high,distract,1885,iaps/3230h.JPG,125
694,high,reappraise,2039,iaps/3530h.JPG,128
698,low,reappraise,2501,iaps/9160l.JPG,41
698,low,distract,2499,iaps/2278l.jpg,44
698,high,distract,2316,iaps/3140h.JPG,47
698,low,reappraise,3519,iaps/6010l.JPG,50
698,low,distract,1984,iaps/2691l.jpg,53
698,low,reappraise,1687,iaps/7360l.JPG,56
698,high,distract,1482,iaps/2053h.JPG,59
698,low,distract,1668,iaps/9120l.JPG,62
698,high,distract,3682,iaps/2800h.JPG,65
698,high,reappraise,2267,iaps/3530h.JPG,68
698,low,reappraise,1850,iaps/2700l.JPG,71
698,low,reappraise,2378,iaps/6190l.JPG,74
698,high,distract,2625,iaps/9420h.JPG,77
698,low,reappraise,1866,iaps/2490l.JPG,80
698,high,distract,1419,iaps/3150h.JPG,83
698,low,distract,2173,iaps/6836l.jpg,86
698,low,distract,1390,iaps/9470l.jpg,89
698,high,distract,1275,iaps/9410h.JPG,92
698,low,reappraise,1480,iaps/1301l.jpg,95
698,high,distract,1209,iaps/3068h.jpg,98
698,low,distract,1346,iaps/2312l.jpg,101
698,high,distract,1370,iaps/9252h.jpg,104
698,high,reappraise,1451,iaps/3180h.JPG,107
698,low,distract,1432,iaps/9440l.JPG,110
698,low,reappraise,1569,iaps/9102l.JPG,113
698,high,distract,1355,iaps/6831h.jpg,116
698,high,distract,1363,iaps/3000h.JPG,119
698,high,distract,1274,iaps/3230h.JPG,122
698,high,distract,2484,iaps/9181h.jpg,125
698,high,distract,1333,iaps/3261h.jpg,128
702,low,reappraise,4588,iaps/2490l.JPG,41
702,low,reappraise,3038,iaps/2700l.JPG,44
702,high,reappraise,8587,iaps/2800h.JPG,47
702,high,distract,4331,iaps/3230h.JPG,50
702,low,reappraise,2616,iaps/9440l.JPG,53
702,low,reappraise,2988,iaps/7360l.JPG,56
702,high,reappraise,2689,iaps/3140h.JPG,59
702,low,reappraise,3722,iaps/6010l.JPG,62
702,high,distract,4223,iaps/9252h.jpg,65
702,low,reappraise,4972,iaps/2691l.jpg,68
702,high,reappraise,3488,iaps/3000h.JPG,71
702,high,reappraise,5038,iaps/6831h.jpg,74
702,high,distract,3772,iaps/9420h.JPG,77
702,high,distract,4526,iaps/3530h.JPG,80
702,low,reappraise,6205,iaps/9160l.JPG,83
702,high,reappraise,3415,iaps/3261h.jpg,86
702,high,distract,4250,iaps/9181h.jpg,89
702,high,reappraise,4018,iaps/2053h.JPG,92
702,high,reappraise,2731,iaps/3150h.JPG,95
702,low,reappraise,2702,iaps/9120l.JPG,98
702,high,distract,3641,iaps/9410h.JPG,101
702,low,reappraise,3097,iaps/2312l.jpg,104
702,low,reappraise,2342,iaps/9470l.jpg,107
702,low,reappraise,2547,iaps/6190l.JPG,110
702,low,reappraise,2669,iaps/6836l.jpg,113
702,high,reappraise,2919,iaps/3180h.JPG,116
702,low,reappraise,1990,iaps/1301l.jpg,119
702,high,reappraise,3715,iaps/3068h.jpg,122
702,low,reappraise,3535,iaps/2278l.jpg,125
702,low,distract,8511,iaps/9102l.JPG,128
670,high,distract,3555,iaps/9410h.JPG,41
670,high,distract,7836,iaps/3000h.JPG,44
670,high,distract,3361,iaps/3140h.JPG,47
670,high,reappraise,9738,iaps/3180h.JPG,50
670,low,distract,2721,iaps/9470l.jpg,53
670,low,distract,2004,iaps/2490l.JPG,56
670,low,reappraise,2292,iaps/1301l.jpg,59
670,high,distract,2507,iaps/3068h.jpg,62
670,high,distract,2451,iaps/6831h.jpg,65
670,high,distract,1821,iaps/9181h.jpg,68
670,high,distract,2569,iaps/2800h.JPG,71
670,low,reappraise,2241,iaps/2691l.jpg,74
670,low,reappraise,5118,iaps/7360l.JPG,77
670,high,distract,2060,iaps/3530h.JPG,80
670,high,distract,2384,iaps/3230h.JPG,83
670,low,reappraise,3093,iaps/9120l.JPG,86
670,low,distract,2205,iaps/9440l.JPG,89
670,high,distract,3337,iaps/3261h.jpg,92
670,high,distract,2154,iaps/3150h.JPG,95
670,low,distract,1735,iaps/6190l.JPG,98
670,low,reappraise,2137,iaps/2312l.jpg,101
670,high,distract,2027,iaps/9252h.jpg,104
670,high,distract,1803,iaps/2053h.JPG,107
670,low,distract,2438,iaps/6010l.JPG,110
670,low,reappraise,2154,iaps/2278l.jpg,113
670,low,reappraise,2167,iaps/9160l.JPG,116
670,low,distract,1819,iaps/6836l.jpg,119
670,high,distract,1603,iaps/9420h.JPG,122
670,low,reappraise,1905,iaps/2700l.JPG,125
670,low,distract,2038,iaps/9102l.JPG,128
169,high,distract,2676,iaps/3530h.JPG,41
169,low,reappraise,2913,iaps/2490l.JPG,44
169,low,distract,2667,iaps/9470l.jpg,47
169,low,reappraise,2678,iaps/9120l.JPG,50
169,low,distract,1933,iaps/6836l.jpg,53
169,low,distract,3782,iaps/9440l.JPG,56
169,low,reappraise,5102,iaps/6190l.JPG,59
169,high,distract,2065,iaps/3140h.JPG,62
169,high,reappraise,1914,iaps/2053h.JPG,65
169,high,reappraise,2625,iaps/2800h.JPG,68
169,low,reappraise,3433,iaps/2691l.jpg,71
169,high,distract,2093,iaps/3180h.JPG,74
169,low,reappraise,2455,iaps/2312l.jpg,77
169,low,reappraise,3294,iaps/9160l.JPG,80
169,low,reappraise,4114,iaps/2278l.jpg,83
169,high,reappraise,2811,iaps/3230h.JPG,86
169,low,reappraise,3956,iaps/6010l.JPG,89
169,low,reappraise,4106,iaps/9102l.JPG,92
169,high,distract,1623,iaps/3150h.JPG,95
169,high,distract,1740,iaps/3261h.jpg,98
169,high,distract,1890,iaps/9420h.JPG,101
169,high,distract,1325,iaps/3000h.JPG,104
169,low,reappraise,1872,iaps/2700l.JPG,107
169,high,reappraise,4242,iaps/3068h.jpg,110
169,low,reappraise,1597,iaps/7360l.JPG,113
169,high,distract,1491,iaps/6831h.jpg,116
169,low,reappraise,1816,iaps/1301l.jpg,119
169,high,distract,1516,iaps/9252h.jpg,122
169,high,distract,1838,iaps/9181h.jpg,125
169,high,distract,1377,iaps/9410h.JPG,128
690,high,reappraise,4305,iaps/2800h.JPG,41
690,low,distract,12863,iaps/2490l.JPG,44
690,low,reappraise,8957,iaps/1301l.jpg,47
690,high,reappraise,2934,iaps/3230h.JPG,50
690,low,reappraise,4597,iaps/9120l.JPG,53
690,low,reappraise,4414,iaps/9102l.JPG,56
690,high,reappraise,10077,iaps/3261h.jpg,59
690,low,distract,2872,iaps/2691l.jpg,62
690,low,distract,1911,iaps/2312l.jpg,65
690,high,reappraise,2489,iaps/9410h.JPG,68
690,low,distract,8038,iaps/9160l.JPG,71
690,high,distract,1283,iaps/9181h.jpg,74
690,high,distract,1238,iaps/2053h.JPG,77
690,low,distract,4435,iaps/2278l.jpg,80
690,low,reappraise,2081,iaps/9470l.jpg,83
690,low,reappraise,2149,iaps/9440l.JPG,86
690,high,reappraise,11637,iaps/6831h.jpg,89
690,low,reappraise,1995,iaps/6190l.JPG,92
690,high,reappraise,2067,iaps/3150h.JPG,95
690,high,distract,2795,iaps/3530h.JPG,98
690,high,distract,698,iaps/9252h.jpg,101
690,high,reappraise,2661,iaps/3180h.JPG,104
690,high,distract,3746,iaps/3140h.JPG,107
690,high,reappraise,1977,iaps/9420h.JPG,110
690,low,reappraise,1556,iaps/7360l.JPG,113
690,low,reappraise,1334,iaps/6836l.jpg,116
690,high,distract,2394,iaps/3068h.jpg,119
690,low,distract,1655,iaps/2700l.JPG,122
690,low,reappraise,6344,iaps/6010l.JPG,125
690,high,reappraise,1770,iaps/3000h.JPG,128
674,low,reappraise,2570,iaps/6190l.JPG,41
674,high,reappraise,2075,iaps/9181h.jpg,44
674,high,distract,2112,iaps/3140h.JPG,47
674,high,distract,1847,iaps/3261h.jpg,50
674,low,reappraise,1506,iaps/9470l.jpg,53
674,low,reappraise,1594,iaps/2700l.JPG,56
674,low,distract,2162,iaps/2490l.JPG,59
674,high,reappraise,2034,iaps/3230h.JPG,62
674,high,distract,2690,iaps/6831h.jpg,65
674,low,reappraise,1758,iaps/6836l.jpg,68
674,high,distract,1936,iaps/3068h.jpg,71
674,high,reappraise,1716,iaps/9410h.JPG,74
674,low,distract,1866,iaps/9160l.JPG,77
674,low,reappraise,1930,iaps/9440l.JPG,80
674,high,distract,1950,iaps/3150h.JPG,83
674,high,distract,1957,iaps/3530h.JPG,86
674,high,distract,1781,iaps/2053h.JPG,89
674,high,reappraise,1425,iaps/9420h.JPG,92
674,low,reappraise,1813,iaps/2691l.jpg,95
674,high,reappraise,1568,iaps/9252h.jpg,98
674,low,reappraise,2952,iaps/6010l.JPG,101
674,low,reappraise,21982,iaps/9102l.JPG,104
674,low,reappraise,1398,iaps/1301l.jpg,107
674,low,reappraise,1630,iaps/9120l.JPG,110
674,low,reappraise,1570,iaps/2278l.jpg,113
674,high,distract,1754,iaps/3000h.JPG,116
674,low,reappraise,1554,iaps/2312l.jpg,119
674,high,reappraise,1479,iaps/2800h.JPG,122
674,high,reappraise,1862,iaps/3180h.JPG,125
674,low,reappraise,2048,iaps/7360l.JPG,128
683,low,reappraise,3909,iaps/1301l.jpg,41
683,low,distract,4057,iaps/9160l.JPG,44
683,high,reappraise,3985,iaps/3530h.JPG,47
683,low,reappraise,5911,iaps/9102l.JPG,50
683,low,reappraise,4201,iaps/9440l.JPG,53
683,high,distract,2809,iaps/2800h.JPG,56
683,low,reappraise,3479,iaps/2312l.jpg,59
683,high,distract,2554,iaps/3180h.JPG,62
683,high,distract,3017,iaps/3140h.JPG,65
683,high,distract,4259,iaps/3068h.jpg,68
683,high,distract,2628,iaps/3000h.JPG,71
683,high,distract,7046,iaps/3150h.JPG,74
683,low,reappraise,3130,iaps/7360l.JPG,77
683,high,reappraise,3848,iaps/9420h.JPG,80
683,low,reappraise,2937,iaps/9120l.JPG,83
683,low,reappraise,6326,iaps/9470l.jpg,86
683,high,distract,2554,iaps/9181h.jpg,89
683,low,reappraise,2881,iaps/6190l.JPG,92
683,high,distract,2060,iaps/6831h.jpg,95
683,low,reappraise,2595,iaps/2278l.jpg,98
683,high,distract,2214,iaps/2053h.JPG,101
683,low,reappraise,3596,iaps/2700l.JPG,104
683,low,distract,3741,iaps/2691l.jpg,107
683,high,distract,2999,iaps/9410h.JPG,110
683,low,reappraise,2527,iaps/2490l.JPG,113
683,high,distract,2389,iaps/3261h.jpg,116
683,low,reappraise,2623,iaps/6836l.jpg,119
683,high,distract,2535,iaps/3230h.JPG,122
683,high,reappraise,3741,iaps/9252h.jpg,125
683,low,reappraise,2551,iaps/6010l.JPG,128
