game_id,round_num,explorer_label,rule_idx,stim_num,true_label,student_label,rule_type
8029-23ce2010-d3fb-4ace-988e-39214734a122,0,FALSE,32,2,TRUE,FALSE,CONJUNCTION_DISJUNCTION
8029-23ce2010-d3fb-4ace-988e-39214734a122,0,FALSE,32,3,TRUE,FALSE,CONJUNCTION_DISJUNCTION
8029-23ce2010-d3fb-4ace-988e-39214734a122,0,FALSE,32,0,FALSE,TRUE,CONJUNCTION_DISJUNCTION
8029-23ce2010-d3fb-4ace-988e-39214734a122,0,FALSE,32,5,FALSE,FALSE,CONJUNCTION_DISJUNCTION
8029-23ce2010-d3fb-4ace-988e-39214734a122,0,TRUE,32,1,FALSE,FALSE,CONJUNCTION_DISJUNCTION
8029-23ce2010-d3fb-4ace-988e-39214734a122,0,FALSE,32,7,TRUE,FALSE,CONJUNCTION_DISJUNCTION
8029-23ce2010-d3fb-4ace-988e-39214734a122,0,FALSE,32,8,FALSE,FALSE,CONJUNCTION_DISJUNCTION
8029-23ce2010-d3fb-4ace-988e-39214734a122,0,FALSE,32,9,FALSE,FALSE,CONJUNCTION_DISJUNCTION
8029-23ce2010-d3fb-4ace-988e-39214734a122,0,FALSE,32,10,FALSE,FALSE,CONJUNCTION_DISJUNCTION
8029-23ce2010-d3fb-4ace-988e-39214734a122,0,TRUE,32,11,FALSE,FALSE,CONJUNCTION_DISJUNCTION
8029-23ce2010-d3fb-4ace-988e-39214734a122,0,FALSE,32,12,TRUE,TRUE,CONJUNCTION_DISJUNCTION
8029-23ce2010-d3fb-4ace-988e-39214734a122,0,FALSE,32,13,FALSE,FALSE,CONJUNCTION_DISJUNCTION
8029-23ce2010-d3fb-4ace-988e-39214734a122,0,FALSE,32,14,FALSE,FALSE,CONJUNCTION_DISJUNCTION
8029-23ce2010-d3fb-4ace-988e-39214734a122,0,FALSE,32,15,FALSE,FALSE,CONJUNCTION_DISJUNCTION
8029-23ce2010-d3fb-4ace-988e-39214734a122,0,FALSE,32,4,FALSE,FALSE,CONJUNCTION_DISJUNCTION
8029-23ce2010-d3fb-4ace-988e-39214734a122,0,FALSE,32,17,FALSE,FALSE,CONJUNCTION_DISJUNCTION
8029-23ce2010-d3fb-4ace-988e-39214734a122,0,FALSE,32,6,FALSE,TRUE,CONJUNCTION_DISJUNCTION
8029-23ce2010-d3fb-4ace-988e-39214734a122,0,FALSE,32,19,TRUE,FALSE,CONJUNCTION_DISJUNCTION
8029-23ce2010-d3fb-4ace-988e-39214734a122,0,FALSE,32,20,FALSE,FALSE,CONJUNCTION_DISJUNCTION
8029-23ce2010-d3fb-4ace-988e-39214734a122,0,FALSE,32,21,FALSE,FALSE,CONJUNCTION_DISJUNCTION
8029-23ce2010-d3fb-4ace-988e-39214734a122,0,FALSE,32,22,FALSE,FALSE,CONJUNCTION_DISJUNCTION
8029-23ce2010-d3fb-4ace-988e-39214734a122,0,FALSE,32,23,FALSE,FALSE,CONJUNCTION_DISJUNCTION
8029-23ce2010-d3fb-4ace-988e-39214734a122,0,FALSE,32,24,FALSE,TRUE,CONJUNCTION_DISJUNCTION
8029-23ce2010-d3fb-4ace-988e-39214734a122,0,FALSE,32,25,FALSE,FALSE,CONJUNCTION_DISJUNCTION
8029-23ce2010-d3fb-4ace-988e-39214734a122,0,TRUE,32,26,TRUE,FALSE,CONJUNCTION_DISJUNCTION
8029-23ce2010-d3fb-4ace-988e-39214734a122,0,FALSE,32,27,FALSE,FALSE,CONJUNCTION_DISJUNCTION
8029-23ce2010-d3fb-4ace-988e-39214734a122,0,FALSE,32,28,FALSE,TRUE,CONJUNCTION_DISJUNCTION
8029-23ce2010-d3fb-4ace-988e-39214734a122,0,FALSE,32,29,TRUE,FALSE,CONJUNCTION_DISJUNCTION
8029-23ce2010-d3fb-4ace-988e-39214734a122,0,FALSE,32,30,FALSE,FALSE,CONJUNCTION_DISJUNCTION
8029-23ce2010-d3fb-4ace-988e-39214734a122,0,FALSE,32,31,TRUE,FALSE,CONJUNCTION_DISJUNCTION
8029-23ce2010-d3fb-4ace-988e-39214734a122,0,FALSE,32,32,FALSE,TRUE,CONJUNCTION_DISJUNCTION
8029-23ce2010-d3fb-4ace-988e-39214734a122,0,FALSE,32,33,FALSE,FALSE,CONJUNCTION_DISJUNCTION
8029-23ce2010-d3fb-4ace-988e-39214734a122,0,FALSE,32,34,FALSE,FALSE,CONJUNCTION_DISJUNCTION
8029-23ce2010-d3fb-4ace-988e-39214734a122,0,FALSE,32,35,FALSE,FALSE,CONJUNCTION_DISJUNCTION
8029-23ce2010-d3fb-4ace-988e-39214734a122,0,FALSE,32,36,FALSE,TRUE,CONJUNCTION_DISJUNCTION
8029-23ce2010-d3fb-4ace-988e-39214734a122,0,FALSE,32,37,TRUE,FALSE,CONJUNCTION_DISJUNCTION
8029-23ce2010-d3fb-4ace-988e-39214734a122,0,FALSE,32,38,TRUE,FALSE,CONJUNCTION_DISJUNCTION
8029-23ce2010-d3fb-4ace-988e-39214734a122,0,FALSE,32,39,FALSE,FALSE,CONJUNCTION_DISJUNCTION
8029-23ce2010-d3fb-4ace-988e-39214734a122,0,FALSE,32,40,FALSE,TRUE,CONJUNCTION_DISJUNCTION
8029-23ce2010-d3fb-4ace-988e-39214734a122,0,FALSE,32,16,FALSE,FALSE,CONJUNCTION_DISJUNCTION
8029-23ce2010-d3fb-4ace-988e-39214734a122,0,FALSE,32,18,TRUE,TRUE,CONJUNCTION_DISJUNCTION
8029-23ce2010-d3fb-4ace-988e-39214734a122,0,FALSE,32,43,FALSE,FALSE,CONJUNCTION_DISJUNCTION
8029-23ce2010-d3fb-4ace-988e-39214734a122,0,FALSE,32,44,FALSE,FALSE,CONJUNCTION_DISJUNCTION
8029-23ce2010-d3fb-4ace-988e-39214734a122,0,FALSE,32,45,FALSE,FALSE,CONJUNCTION_DISJUNCTION
8029-23ce2010-d3fb-4ace-988e-39214734a122,0,TRUE,32,46,FALSE,TRUE,CONJUNCTION_DISJUNCTION
8029-23ce2010-d3fb-4ace-988e-39214734a122,0,FALSE,32,47,FALSE,FALSE,CONJUNCTION_DISJUNCTION
8029-23ce2010-d3fb-4ace-988e-39214734a122,0,FALSE,32,48,FALSE,FALSE,CONJUNCTION_DISJUNCTION
8029-23ce2010-d3fb-4ace-988e-39214734a122,0,FALSE,32,49,FALSE,FALSE,CONJUNCTION_DISJUNCTION
8029-23ce2010-d3fb-4ace-988e-39214734a122,0,TRUE,32,41,FALSE,FALSE,CONJUNCTION_DISJUNCTION
8029-23ce2010-d3fb-4ace-988e-39214734a122,0,FALSE,32,42,FALSE,FALSE,CONJUNCTION_DISJUNCTION
8029-23ce2010-d3fb-4ace-988e-39214734a122,1,FALSE,2,3,FALSE,FALSE,SINGLE_FEATURE
8029-23ce2010-d3fb-4ace-988e-39214734a122,1,TRUE,2,0,TRUE,TRUE,SINGLE_FEATURE
8029-23ce2010-d3fb-4ace-988e-39214734a122,1,FALSE,2,1,FALSE,FALSE,SINGLE_FEATURE
8029-23ce2010-d3fb-4ace-988e-39214734a122,1,TRUE,2,2,TRUE,TRUE,SINGLE_FEATURE
8029-23ce2010-d3fb-4ace-988e-39214734a122,1,FALSE,2,4,FALSE,FALSE,SINGLE_FEATURE
8029-23ce2010-d3fb-4ace-988e-39214734a122,1,FALSE,2,5,FALSE,FALSE,SINGLE_FEATURE
8029-23ce2010-d3fb-4ace-988e-39214734a122,1,FALSE,2,6,FALSE,FALSE,SINGLE_FEATURE
8029-23ce2010-d3fb-4ace-988e-39214734a122,1,TRUE,2,7,TRUE,TRUE,SINGLE_FEATURE
8029-23ce2010-d3fb-4ace-988e-39214734a122,1,FALSE,2,8,FALSE,FALSE,SINGLE_FEATURE
8029-23ce2010-d3fb-4ace-988e-39214734a122,1,FALSE,2,9,FALSE,FALSE,SINGLE_FEATURE
8029-23ce2010-d3fb-4ace-988e-39214734a122,1,FALSE,2,10,FALSE,FALSE,SINGLE_FEATURE
8029-23ce2010-d3fb-4ace-988e-39214734a122,1,TRUE,2,13,TRUE,TRUE,SINGLE_FEATURE
8029-23ce2010-d3fb-4ace-988e-39214734a122,1,FALSE,2,14,FALSE,FALSE,SINGLE_FEATURE
8029-23ce2010-d3fb-4ace-988e-39214734a122,1,FALSE,2,15,FALSE,FALSE,SINGLE_FEATURE
8029-23ce2010-d3fb-4ace-988e-39214734a122,1,FALSE,2,16,FALSE,FALSE,SINGLE_FEATURE
8029-23ce2010-d3fb-4ace-988e-39214734a122,1,TRUE,2,17,TRUE,TRUE,SINGLE_FEATURE
8029-23ce2010-d3fb-4ace-988e-39214734a122,1,FALSE,2,18,FALSE,FALSE,SINGLE_FEATURE
8029-23ce2010-d3fb-4ace-988e-39214734a122,1,TRUE,2,19,TRUE,TRUE,SINGLE_FEATURE
8029-23ce2010-d3fb-4ace-988e-39214734a122,1,FALSE,2,20,TRUE,FALSE,SINGLE_FEATURE
8029-23ce2010-d3fb-4ace-988e-39214734a122,1,TRUE,2,21,TRUE,TRUE,SINGLE_FEATURE
8029-23ce2010-d3fb-4ace-988e-39214734a122,1,TRUE,2,22,TRUE,TRUE,SINGLE_FEATURE
8029-23ce2010-d3fb-4ace-988e-39214734a122,1,TRUE,2,23,TRUE,TRUE,SINGLE_FEATURE
8029-23ce2010-d3fb-4ace-988e-39214734a122,1,FALSE,2,24,FALSE,FALSE,SINGLE_FEATURE
8029-23ce2010-d3fb-4ace-988e-39214734a122,1,FALSE,2,25,FALSE,FALSE,SINGLE_FEATURE
8029-23ce2010-d3fb-4ace-988e-39214734a122,1,TRUE,2,26,TRUE,TRUE,SINGLE_FEATURE
8029-23ce2010-d3fb-4ace-988e-39214734a122,1,TRUE,2,27,TRUE,TRUE,SINGLE_FEATURE
8029-23ce2010-d3fb-4ace-988e-39214734a122,1,FALSE,2,28,FALSE,FALSE,SINGLE_FEATURE
8029-23ce2010-d3fb-4ace-988e-39214734a122,1,TRUE,2,29,TRUE,TRUE,SINGLE_FEATURE
8029-23ce2010-d3fb-4ace-988e-39214734a122,1,TRUE,2,30,TRUE,TRUE,SINGLE_FEATURE
8029-23ce2010-d3fb-4ace-988e-39214734a122,1,FALSE,2,31,FALSE,FALSE,SINGLE_FEATURE
8029-23ce2010-d3fb-4ace-988e-39214734a122,1,FALSE,2,32,FALSE,FALSE,SINGLE_FEATURE
8029-23ce2010-d3fb-4ace-988e-39214734a122,1,FALSE,2,33,FALSE,FALSE,SINGLE_FEATURE
8029-23ce2010-d3fb-4ace-988e-39214734a122,1,FALSE,2,34,FALSE,FALSE,SINGLE_FEATURE
8029-23ce2010-d3fb-4ace-988e-39214734a122,1,TRUE,2,35,TRUE,FALSE,SINGLE_FEATURE
8029-23ce2010-d3fb-4ace-988e-39214734a122,1,FALSE,2,36,FALSE,FALSE,SINGLE_FEATURE
8029-23ce2010-d3fb-4ace-988e-39214734a122,1,FALSE,2,37,FALSE,FALSE,SINGLE_FEATURE
8029-23ce2010-d3fb-4ace-988e-39214734a122,1,TRUE,2,38,TRUE,TRUE,SINGLE_FEATURE
8029-23ce2010-d3fb-4ace-988e-39214734a122,1,TRUE,2,39,TRUE,TRUE,SINGLE_FEATURE
8029-23ce2010-d3fb-4ace-988e-39214734a122,1,TRUE,2,40,TRUE,TRUE,SINGLE_FEATURE
8029-23ce2010-d3fb-4ace-988e-39214734a122,1,FALSE,2,41,FALSE,FALSE,SINGLE_FEATURE
8029-23ce2010-d3fb-4ace-988e-39214734a122,1,FALSE,2,42,FALSE,FALSE,SINGLE_FEATURE
8029-23ce2010-d3fb-4ace-988e-39214734a122,1,TRUE,2,43,TRUE,TRUE,SINGLE_FEATURE
8029-23ce2010-d3fb-4ace-988e-39214734a122,1,TRUE,2,44,TRUE,TRUE,SINGLE_FEATURE
8029-23ce2010-d3fb-4ace-988e-39214734a122,1,TRUE,2,45,TRUE,TRUE,SINGLE_FEATURE
8029-23ce2010-d3fb-4ace-988e-39214734a122,1,FALSE,2,46,TRUE,TRUE,SINGLE_FEATURE
8029-23ce2010-d3fb-4ace-988e-39214734a122,1,FALSE,2,47,FALSE,FALSE,SINGLE_FEATURE
8029-23ce2010-d3fb-4ace-988e-39214734a122,1,FALSE,2,48,TRUE,TRUE,SINGLE_FEATURE
8029-23ce2010-d3fb-4ace-988e-39214734a122,1,FALSE,2,49,FALSE,FALSE,SINGLE_FEATURE
8029-23ce2010-d3fb-4ace-988e-39214734a122,1,FALSE,2,11,FALSE,FALSE,SINGLE_FEATURE
8029-23ce2010-d3fb-4ace-988e-39214734a122,1,TRUE,2,12,TRUE,TRUE,SINGLE_FEATURE
8029-23ce2010-d3fb-4ace-988e-39214734a122,2,FALSE,22,0,FALSE,FALSE,DISJUNCTION
8029-23ce2010-d3fb-4ace-988e-39214734a122,2,TRUE,22,1,TRUE,TRUE,DISJUNCTION
8029-23ce2010-d3fb-4ace-988e-39214734a122,2,FALSE,22,2,FALSE,FALSE,DISJUNCTION
8029-23ce2010-d3fb-4ace-988e-39214734a122,2,TRUE,22,3,TRUE,TRUE,DISJUNCTION
8029-23ce2010-d3fb-4ace-988e-39214734a122,2,TRUE,22,4,TRUE,TRUE,DISJUNCTION
8029-23ce2010-d3fb-4ace-988e-39214734a122,2,FALSE,22,5,FALSE,FALSE,DISJUNCTION
8029-23ce2010-d3fb-4ace-988e-39214734a122,2,TRUE,22,6,TRUE,TRUE,DISJUNCTION
8029-23ce2010-d3fb-4ace-988e-39214734a122,2,FALSE,22,7,FALSE,FALSE,DISJUNCTION
8029-23ce2010-d3fb-4ace-988e-39214734a122,2,TRUE,22,8,TRUE,TRUE,DISJUNCTION
8029-23ce2010-d3fb-4ace-988e-39214734a122,2,TRUE,22,9,TRUE,TRUE,DISJUNCTION
8029-23ce2010-d3fb-4ace-988e-39214734a122,2,TRUE,22,10,TRUE,TRUE,DISJUNCTION
8029-23ce2010-d3fb-4ace-988e-39214734a122,2,FALSE,22,11,FALSE,FALSE,DISJUNCTION
8029-23ce2010-d3fb-4ace-988e-39214734a122,2,FALSE,22,13,FALSE,FALSE,DISJUNCTION
8029-23ce2010-d3fb-4ace-988e-39214734a122,2,TRUE,22,12,TRUE,TRUE,DISJUNCTION
8029-23ce2010-d3fb-4ace-988e-39214734a122,2,FALSE,22,14,FALSE,FALSE,DISJUNCTION
8029-23ce2010-d3fb-4ace-988e-39214734a122,2,TRUE,22,17,TRUE,TRUE,DISJUNCTION
8029-23ce2010-d3fb-4ace-988e-39214734a122,2,TRUE,22,18,TRUE,TRUE,DISJUNCTION
8029-23ce2010-d3fb-4ace-988e-39214734a122,2,FALSE,22,20,FALSE,FALSE,DISJUNCTION
8029-23ce2010-d3fb-4ace-988e-39214734a122,2,TRUE,22,19,TRUE,TRUE,DISJUNCTION
8029-23ce2010-d3fb-4ace-988e-39214734a122,2,FALSE,22,21,FALSE,FALSE,DISJUNCTION
8029-23ce2010-d3fb-4ace-988e-39214734a122,2,TRUE,22,22,TRUE,TRUE,DISJUNCTION
8029-23ce2010-d3fb-4ace-988e-39214734a122,2,TRUE,22,23,TRUE,TRUE,DISJUNCTION
8029-23ce2010-d3fb-4ace-988e-39214734a122,2,TRUE,22,24,TRUE,TRUE,DISJUNCTION
8029-23ce2010-d3fb-4ace-988e-39214734a122,2,TRUE,22,25,TRUE,TRUE,DISJUNCTION
8029-23ce2010-d3fb-4ace-988e-39214734a122,2,TRUE,22,26,TRUE,TRUE,DISJUNCTION
8029-23ce2010-d3fb-4ace-988e-39214734a122,2,FALSE,22,27,FALSE,FALSE,DISJUNCTION
8029-23ce2010-d3fb-4ace-988e-39214734a122,2,FALSE,22,28,FALSE,FALSE,DISJUNCTION
8029-23ce2010-d3fb-4ace-988e-39214734a122,2,TRUE,22,29,TRUE,TRUE,DISJUNCTION
8029-23ce2010-d3fb-4ace-988e-39214734a122,2,FALSE,22,30,FALSE,FALSE,DISJUNCTION
8029-23ce2010-d3fb-4ace-988e-39214734a122,2,FALSE,22,31,FALSE,FALSE,DISJUNCTION
8029-23ce2010-d3fb-4ace-988e-39214734a122,2,TRUE,22,32,TRUE,TRUE,DISJUNCTION
8029-23ce2010-d3fb-4ace-988e-39214734a122,2,FALSE,22,33,FALSE,FALSE,DISJUNCTION
8029-23ce2010-d3fb-4ace-988e-39214734a122,2,FALSE,22,34,FALSE,FALSE,DISJUNCTION
8029-23ce2010-d3fb-4ace-988e-39214734a122,2,TRUE,22,35,TRUE,TRUE,DISJUNCTION
8029-23ce2010-d3fb-4ace-988e-39214734a122,2,FALSE,22,36,FALSE,FALSE,DISJUNCTION
8029-23ce2010-d3fb-4ace-988e-39214734a122,2,FALSE,22,37,FALSE,FALSE,DISJUNCTION
8029-23ce2010-d3fb-4ace-988e-39214734a122,2,FALSE,22,38,FALSE,FALSE,DISJUNCTION
8029-23ce2010-d3fb-4ace-988e-39214734a122,2,FALSE,22,39,FALSE,FALSE,DISJUNCTION
8029-23ce2010-d3fb-4ace-988e-39214734a122,2,TRUE,22,40,TRUE,TRUE,DISJUNCTION
8029-23ce2010-d3fb-4ace-988e-39214734a122,2,FALSE,22,41,FALSE,FALSE,DISJUNCTION
8029-23ce2010-d3fb-4ace-988e-39214734a122,2,FALSE,22,42,FALSE,FALSE,DISJUNCTION
8029-23ce2010-d3fb-4ace-988e-39214734a122,2,FALSE,22,43,FALSE,FALSE,DISJUNCTION
8029-23ce2010-d3fb-4ace-988e-39214734a122,2,FALSE,22,44,FALSE,FALSE,DISJUNCTION
8029-23ce2010-d3fb-4ace-988e-39214734a122,2,FALSE,22,45,FALSE,FALSE,DISJUNCTION
8029-23ce2010-d3fb-4ace-988e-39214734a122,2,FALSE,22,46,FALSE,FALSE,DISJUNCTION
8029-23ce2010-d3fb-4ace-988e-39214734a122,2,TRUE,22,47,TRUE,TRUE,DISJUNCTION
8029-23ce2010-d3fb-4ace-988e-39214734a122,2,FALSE,22,48,FALSE,FALSE,DISJUNCTION
8029-23ce2010-d3fb-4ace-988e-39214734a122,2,FALSE,22,49,FALSE,FALSE,DISJUNCTION
8029-23ce2010-d3fb-4ace-988e-39214734a122,2,FALSE,22,15,FALSE,FALSE,DISJUNCTION
8029-23ce2010-d3fb-4ace-988e-39214734a122,2,FALSE,22,16,FALSE,FALSE,DISJUNCTION
8029-23ce2010-d3fb-4ace-988e-39214734a122,3,TRUE,42,0,TRUE,TRUE,DISJUNCTION_CONJUNCTION
8029-23ce2010-d3fb-4ace-988e-39214734a122,3,FALSE,42,1,FALSE,TRUE,DISJUNCTION_CONJUNCTION
8029-23ce2010-d3fb-4ace-988e-39214734a122,3,FALSE,42,2,TRUE,TRUE,DISJUNCTION_CONJUNCTION
8029-23ce2010-d3fb-4ace-988e-39214734a122,3,FALSE,42,3,FALSE,TRUE,DISJUNCTION_CONJUNCTION
8029-23ce2010-d3fb-4ace-988e-39214734a122,3,FALSE,42,4,FALSE,TRUE,DISJUNCTION_CONJUNCTION
8029-23ce2010-d3fb-4ace-988e-39214734a122,3,FALSE,42,5,FALSE,FALSE,DISJUNCTION_CONJUNCTION
8029-23ce2010-d3fb-4ace-988e-39214734a122,3,TRUE,42,6,TRUE,FALSE,DISJUNCTION_CONJUNCTION
8029-23ce2010-d3fb-4ace-988e-39214734a122,3,FALSE,42,7,TRUE,FALSE,DISJUNCTION_CONJUNCTION
8029-23ce2010-d3fb-4ace-988e-39214734a122,3,FALSE,42,8,TRUE,FALSE,DISJUNCTION_CONJUNCTION
8029-23ce2010-d3fb-4ace-988e-39214734a122,3,FALSE,42,11,TRUE,FALSE,DISJUNCTION_CONJUNCTION
8029-23ce2010-d3fb-4ace-988e-39214734a122,3,FALSE,42,10,FALSE,FALSE,DISJUNCTION_CONJUNCTION
8029-23ce2010-d3fb-4ace-988e-39214734a122,3,FALSE,42,9,FALSE,FALSE,DISJUNCTION_CONJUNCTION
8029-23ce2010-d3fb-4ace-988e-39214734a122,3,TRUE,42,12,TRUE,TRUE,DISJUNCTION_CONJUNCTION
8029-23ce2010-d3fb-4ace-988e-39214734a122,3,FALSE,42,13,FALSE,FALSE,DISJUNCTION_CONJUNCTION
8029-23ce2010-d3fb-4ace-988e-39214734a122,3,FALSE,42,14,FALSE,FALSE,DISJUNCTION_CONJUNCTION
8029-23ce2010-d3fb-4ace-988e-39214734a122,3,FALSE,42,15,FALSE,FALSE,DISJUNCTION_CONJUNCTION
8029-23ce2010-d3fb-4ace-988e-39214734a122,3,FALSE,42,16,FALSE,FALSE,DISJUNCTION_CONJUNCTION
8029-23ce2010-d3fb-4ace-988e-39214734a122,3,FALSE,42,17,FALSE,FALSE,DISJUNCTION_CONJUNCTION
8029-23ce2010-d3fb-4ace-988e-39214734a122,3,TRUE,42,18,FALSE,FALSE,DISJUNCTION_CONJUNCTION
8029-23ce2010-d3fb-4ace-988e-39214734a122,3,FALSE,42,19,TRUE,FALSE,DISJUNCTION_CONJUNCTION
8029-23ce2010-d3fb-4ace-988e-39214734a122,3,FALSE,42,22,FALSE,FALSE,DISJUNCTION_CONJUNCTION
8029-23ce2010-d3fb-4ace-988e-39214734a122,3,FALSE,42,23,FALSE,FALSE,DISJUNCTION_CONJUNCTION
8029-23ce2010-d3fb-4ace-988e-39214734a122,3,TRUE,42,24,FALSE,FALSE,DISJUNCTION_CONJUNCTION
8029-23ce2010-d3fb-4ace-988e-39214734a122,3,FALSE,42,25,FALSE,FALSE,DISJUNCTION_CONJUNCTION
8029-23ce2010-d3fb-4ace-988e-39214734a122,3,FALSE,42,26,FALSE,FALSE,DISJUNCTION_CONJUNCTION
8029-23ce2010-d3fb-4ace-988e-39214734a122,3,FALSE,42,27,FALSE,TRUE,DISJUNCTION_CONJUNCTION
8029-23ce2010-d3fb-4ace-988e-39214734a122,3,TRUE,42,28,FALSE,FALSE,DISJUNCTION_CONJUNCTION
8029-23ce2010-d3fb-4ace-988e-39214734a122,3,FALSE,42,29,TRUE,FALSE,DISJUNCTION_CONJUNCTION
8029-23ce2010-d3fb-4ace-988e-39214734a122,3,FALSE,42,30,TRUE,FALSE,DISJUNCTION_CONJUNCTION
8029-23ce2010-d3fb-4ace-988e-39214734a122,3,FALSE,42,31,TRUE,FALSE,DISJUNCTION_CONJUNCTION
8029-23ce2010-d3fb-4ace-988e-39214734a122,3,TRUE,42,32,FALSE,TRUE,DISJUNCTION_CONJUNCTION
8029-23ce2010-d3fb-4ace-988e-39214734a122,3,FALSE,42,33,TRUE,FALSE,DISJUNCTION_CONJUNCTION
8029-23ce2010-d3fb-4ace-988e-39214734a122,3,FALSE,42,34,TRUE,FALSE,DISJUNCTION_CONJUNCTION
8029-23ce2010-d3fb-4ace-988e-39214734a122,3,FALSE,42,35,FALSE,FALSE,DISJUNCTION_CONJUNCTION
8029-23ce2010-d3fb-4ace-988e-39214734a122,3,TRUE,42,36,TRUE,FALSE,DISJUNCTION_CONJUNCTION
8029-23ce2010-d3fb-4ace-988e-39214734a122,3,FALSE,42,37,FALSE,FALSE,DISJUNCTION_CONJUNCTION
8029-23ce2010-d3fb-4ace-988e-39214734a122,3,FALSE,42,38,FALSE,FALSE,DISJUNCTION_CONJUNCTION
8029-23ce2010-d3fb-4ace-988e-39214734a122,3,FALSE,42,39,TRUE,FALSE,DISJUNCTION_CONJUNCTION
8029-23ce2010-d3fb-4ace-988e-39214734a122,3,TRUE,42,40,FALSE,FALSE,DISJUNCTION_CONJUNCTION
8029-23ce2010-d3fb-4ace-988e-39214734a122,3,FALSE,42,41,TRUE,FALSE,DISJUNCTION_CONJUNCTION
8029-23ce2010-d3fb-4ace-988e-39214734a122,3,FALSE,42,42,TRUE,FALSE,DISJUNCTION_CONJUNCTION
8029-23ce2010-d3fb-4ace-988e-39214734a122,3,FALSE,42,43,TRUE,FALSE,DISJUNCTION_CONJUNCTION
8029-23ce2010-d3fb-4ace-988e-39214734a122,3,FALSE,42,44,FALSE,FALSE,DISJUNCTION_CONJUNCTION
8029-23ce2010-d3fb-4ace-988e-39214734a122,3,FALSE,42,45,FALSE,FALSE,DISJUNCTION_CONJUNCTION
8029-23ce2010-d3fb-4ace-988e-39214734a122,3,TRUE,42,46,TRUE,FALSE,DISJUNCTION_CONJUNCTION
8029-23ce2010-d3fb-4ace-988e-39214734a122,3,TRUE,42,47,TRUE,TRUE,DISJUNCTION_CONJUNCTION
8029-23ce2010-d3fb-4ace-988e-39214734a122,3,FALSE,42,48,FALSE,FALSE,DISJUNCTION_CONJUNCTION
8029-23ce2010-d3fb-4ace-988e-39214734a122,3,FALSE,42,49,TRUE,FALSE,DISJUNCTION_CONJUNCTION
8029-23ce2010-d3fb-4ace-988e-39214734a122,3,FALSE,42,20,TRUE,FALSE,DISJUNCTION_CONJUNCTION
8029-23ce2010-d3fb-4ace-988e-39214734a122,3,FALSE,42,21,TRUE,FALSE,DISJUNCTION_CONJUNCTION
8029-23ce2010-d3fb-4ace-988e-39214734a122,4,FALSE,12,0,FALSE,FALSE,CONJUNCTION
8029-23ce2010-d3fb-4ace-988e-39214734a122,4,FALSE,12,1,FALSE,FALSE,CONJUNCTION
8029-23ce2010-d3fb-4ace-988e-39214734a122,4,FALSE,12,2,FALSE,FALSE,CONJUNCTION
8029-23ce2010-d3fb-4ace-988e-39214734a122,4,TRUE,12,3,TRUE,TRUE,CONJUNCTION
8029-23ce2010-d3fb-4ace-988e-39214734a122,4,TRUE,12,4,FALSE,TRUE,CONJUNCTION
8029-23ce2010-d3fb-4ace-988e-39214734a122,4,TRUE,12,5,TRUE,TRUE,CONJUNCTION
8029-23ce2010-d3fb-4ace-988e-39214734a122,4,FALSE,12,6,FALSE,FALSE,CONJUNCTION
8029-23ce2010-d3fb-4ace-988e-39214734a122,4,TRUE,12,7,FALSE,TRUE,CONJUNCTION
8029-23ce2010-d3fb-4ace-988e-39214734a122,4,TRUE,12,8,TRUE,TRUE,CONJUNCTION
8029-23ce2010-d3fb-4ace-988e-39214734a122,4,TRUE,12,9,TRUE,FALSE,CONJUNCTION
8029-23ce2010-d3fb-4ace-988e-39214734a122,4,FALSE,12,10,FALSE,FALSE,CONJUNCTION
8029-23ce2010-d3fb-4ace-988e-39214734a122,4,FALSE,12,11,TRUE,FALSE,CONJUNCTION
8029-23ce2010-d3fb-4ace-988e-39214734a122,4,FALSE,12,12,FALSE,FALSE,CONJUNCTION
8029-23ce2010-d3fb-4ace-988e-39214734a122,4,FALSE,12,13,FALSE,FALSE,CONJUNCTION
8029-23ce2010-d3fb-4ace-988e-39214734a122,4,TRUE,12,14,TRUE,TRUE,CONJUNCTION
8029-23ce2010-d3fb-4ace-988e-39214734a122,4,FALSE,12,15,FALSE,FALSE,CONJUNCTION
8029-23ce2010-d3fb-4ace-988e-39214734a122,4,TRUE,12,16,FALSE,TRUE,CONJUNCTION
8029-23ce2010-d3fb-4ace-988e-39214734a122,4,FALSE,12,17,FALSE,TRUE,CONJUNCTION
8029-23ce2010-d3fb-4ace-988e-39214734a122,4,FALSE,12,18,FALSE,FALSE,CONJUNCTION
8029-23ce2010-d3fb-4ace-988e-39214734a122,4,TRUE,12,19,TRUE,TRUE,CONJUNCTION
8029-23ce2010-d3fb-4ace-988e-39214734a122,4,FALSE,12,20,FALSE,FALSE,CONJUNCTION
8029-23ce2010-d3fb-4ace-988e-39214734a122,4,TRUE,12,21,TRUE,TRUE,CONJUNCTION
8029-23ce2010-d3fb-4ace-988e-39214734a122,4,TRUE,12,22,FALSE,TRUE,CONJUNCTION
8029-23ce2010-d3fb-4ace-988e-39214734a122,4,FALSE,12,23,FALSE,FALSE,CONJUNCTION
8029-23ce2010-d3fb-4ace-988e-39214734a122,4,TRUE,12,26,FALSE,TRUE,CONJUNCTION
8029-23ce2010-d3fb-4ace-988e-39214734a122,4,TRUE,12,27,FALSE,TRUE,CONJUNCTION
8029-23ce2010-d3fb-4ace-988e-39214734a122,4,TRUE,12,28,FALSE,FALSE,CONJUNCTION
8029-23ce2010-d3fb-4ace-988e-39214734a122,4,TRUE,12,29,TRUE,FALSE,CONJUNCTION
8029-23ce2010-d3fb-4ace-988e-39214734a122,4,FALSE,12,30,FALSE,FALSE,CONJUNCTION
8029-23ce2010-d3fb-4ace-988e-39214734a122,4,TRUE,12,31,FALSE,TRUE,CONJUNCTION
8029-23ce2010-d3fb-4ace-988e-39214734a122,4,TRUE,12,32,FALSE,TRUE,CONJUNCTION
8029-23ce2010-d3fb-4ace-988e-39214734a122,4,TRUE,12,33,FALSE,TRUE,CONJUNCTION
8029-23ce2010-d3fb-4ace-988e-39214734a122,4,FALSE,12,34,FALSE,FALSE,CONJUNCTION
8029-23ce2010-d3fb-4ace-988e-39214734a122,4,FALSE,12,35,FALSE,TRUE,CONJUNCTION
8029-23ce2010-d3fb-4ace-988e-39214734a122,4,TRUE,12,36,FALSE,TRUE,CONJUNCTION
8029-23ce2010-d3fb-4ace-988e-39214734a122,4,FALSE,12,37,FALSE,FALSE,CONJUNCTION
8029-23ce2010-d3fb-4ace-988e-39214734a122,4,TRUE,12,38,FALSE,TRUE,CONJUNCTION
8029-23ce2010-d3fb-4ace-988e-39214734a122,4,TRUE,12,39,FALSE,TRUE,CONJUNCTION
8029-23ce2010-d3fb-4ace-988e-39214734a122,4,TRUE,12,40,FALSE,TRUE,CONJUNCTION
8029-23ce2010-d3fb-4ace-988e-39214734a122,4,FALSE,12,41,FALSE,FALSE,CONJUNCTION
8029-23ce2010-d3fb-4ace-988e-39214734a122,4,TRUE,12,42,TRUE,TRUE,CONJUNCTION
8029-23ce2010-d3fb-4ace-988e-39214734a122,4,FALSE,12,43,FALSE,FALSE,CONJUNCTION
8029-23ce2010-d3fb-4ace-988e-39214734a122,4,FALSE,12,44,FALSE,FALSE,CONJUNCTION
8029-23ce2010-d3fb-4ace-988e-39214734a122,4,TRUE,12,45,FALSE,TRUE,CONJUNCTION
8029-23ce2010-d3fb-4ace-988e-39214734a122,4,FALSE,12,46,FALSE,TRUE,CONJUNCTION
8029-23ce2010-d3fb-4ace-988e-39214734a122,4,FALSE,12,47,FALSE,FALSE,CONJUNCTION
8029-23ce2010-d3fb-4ace-988e-39214734a122,4,FALSE,12,48,FALSE,FALSE,CONJUNCTION
8029-23ce2010-d3fb-4ace-988e-39214734a122,4,TRUE,12,49,FALSE,TRUE,CONJUNCTION
8029-23ce2010-d3fb-4ace-988e-39214734a122,4,FALSE,12,24,FALSE,FALSE,CONJUNCTION
8029-23ce2010-d3fb-4ace-988e-39214734a122,4,FALSE,12,25,FALSE,FALSE,CONJUNCTION
2748-d7b45954-988c-4082-b6c4-2d92067ec2c3,0,FALSE,35,2,FALSE,FALSE,CONJUNCTION_DISJUNCTION
2748-d7b45954-988c-4082-b6c4-2d92067ec2c3,0,FALSE,35,3,TRUE,FALSE,CONJUNCTION_DISJUNCTION
2748-d7b45954-988c-4082-b6c4-2d92067ec2c3,0,FALSE,35,0,TRUE,FALSE,CONJUNCTION_DISJUNCTION
2748-d7b45954-988c-4082-b6c4-2d92067ec2c3,0,FALSE,35,5,TRUE,TRUE,CONJUNCTION_DISJUNCTION
2748-d7b45954-988c-4082-b6c4-2d92067ec2c3,0,FALSE,35,1,TRUE,FALSE,CONJUNCTION_DISJUNCTION
2748-d7b45954-988c-4082-b6c4-2d92067ec2c3,0,TRUE,35,7,TRUE,FALSE,CONJUNCTION_DISJUNCTION
2748-d7b45954-988c-4082-b6c4-2d92067ec2c3,0,FALSE,35,8,FALSE,FALSE,CONJUNCTION_DISJUNCTION
2748-d7b45954-988c-4082-b6c4-2d92067ec2c3,0,FALSE,35,9,FALSE,FALSE,CONJUNCTION_DISJUNCTION
2748-d7b45954-988c-4082-b6c4-2d92067ec2c3,0,FALSE,35,10,TRUE,TRUE,CONJUNCTION_DISJUNCTION
2748-d7b45954-988c-4082-b6c4-2d92067ec2c3,0,FALSE,35,11,FALSE,FALSE,CONJUNCTION_DISJUNCTION
2748-d7b45954-988c-4082-b6c4-2d92067ec2c3,0,TRUE,35,4,TRUE,FALSE,CONJUNCTION_DISJUNCTION
2748-d7b45954-988c-4082-b6c4-2d92067ec2c3,0,TRUE,35,13,FALSE,FALSE,CONJUNCTION_DISJUNCTION
2748-d7b45954-988c-4082-b6c4-2d92067ec2c3,0,FALSE,35,14,TRUE,FALSE,CONJUNCTION_DISJUNCTION
2748-d7b45954-988c-4082-b6c4-2d92067ec2c3,0,FALSE,35,15,FALSE,FALSE,CONJUNCTION_DISJUNCTION
2748-d7b45954-988c-4082-b6c4-2d92067ec2c3,0,FALSE,35,16,TRUE,FALSE,CONJUNCTION_DISJUNCTION
2748-d7b45954-988c-4082-b6c4-2d92067ec2c3,0,FALSE,35,17,TRUE,FALSE,CONJUNCTION_DISJUNCTION
2748-d7b45954-988c-4082-b6c4-2d92067ec2c3,0,FALSE,35,6,TRUE,FALSE,CONJUNCTION_DISJUNCTION
2748-d7b45954-988c-4082-b6c4-2d92067ec2c3,0,TRUE,35,19,FALSE,FALSE,CONJUNCTION_DISJUNCTION
2748-d7b45954-988c-4082-b6c4-2d92067ec2c3,0,FALSE,35,20,TRUE,FALSE,CONJUNCTION_DISJUNCTION
2748-d7b45954-988c-4082-b6c4-2d92067ec2c3,0,FALSE,35,21,TRUE,FALSE,CONJUNCTION_DISJUNCTION
2748-d7b45954-988c-4082-b6c4-2d92067ec2c3,0,FALSE,35,22,FALSE,FALSE,CONJUNCTION_DISJUNCTION
2748-d7b45954-988c-4082-b6c4-2d92067ec2c3,0,FALSE,35,23,FALSE,FALSE,CONJUNCTION_DISJUNCTION
2748-d7b45954-988c-4082-b6c4-2d92067ec2c3,0,TRUE,35,24,TRUE,FALSE,CONJUNCTION_DISJUNCTION
2748-d7b45954-988c-4082-b6c4-2d92067ec2c3,0,FALSE,35,25,FALSE,FALSE,CONJUNCTION_DISJUNCTION
2748-d7b45954-988c-4082-b6c4-2d92067ec2c3,0,FALSE,35,26,TRUE,FALSE,CONJUNCTION_DISJUNCTION
2748-d7b45954-988c-4082-b6c4-2d92067ec2c3,0,FALSE,35,27,FALSE,FALSE,CONJUNCTION_DISJUNCTION
2748-d7b45954-988c-4082-b6c4-2d92067ec2c3,0,FALSE,35,28,FALSE,FALSE,CONJUNCTION_DISJUNCTION
2748-d7b45954-988c-4082-b6c4-2d92067ec2c3,0,TRUE,35,29,FALSE,FALSE,CONJUNCTION_DISJUNCTION
2748-d7b45954-988c-4082-b6c4-2d92067ec2c3,0,FALSE,35,30,FALSE,FALSE,CONJUNCTION_DISJUNCTION
2748-d7b45954-988c-4082-b6c4-2d92067ec2c3,0,FALSE,35,31,FALSE,FALSE,CONJUNCTION_DISJUNCTION
2748-d7b45954-988c-4082-b6c4-2d92067ec2c3,0,FALSE,35,32,TRUE,FALSE,CONJUNCTION_DISJUNCTION
2748-d7b45954-988c-4082-b6c4-2d92067ec2c3,0,TRUE,35,33,FALSE,FALSE,CONJUNCTION_DISJUNCTION
2748-d7b45954-988c-4082-b6c4-2d92067ec2c3,0,FALSE,35,34,FALSE,FALSE,CONJUNCTION_DISJUNCTION
2748-d7b45954-988c-4082-b6c4-2d92067ec2c3,0,FALSE,35,35,TRUE,FALSE,CONJUNCTION_DISJUNCTION
2748-d7b45954-988c-4082-b6c4-2d92067ec2c3,0,FALSE,35,36,FALSE,FALSE,CONJUNCTION_DISJUNCTION
2748-d7b45954-988c-4082-b6c4-2d92067ec2c3,0,FALSE,35,37,FALSE,FALSE,CONJUNCTION_DISJUNCTION
2748-d7b45954-988c-4082-b6c4-2d92067ec2c3,0,TRUE,35,38,TRUE,FALSE,CONJUNCTION_DISJUNCTION
2748-d7b45954-988c-4082-b6c4-2d92067ec2c3,0,FALSE,35,39,FALSE,FALSE,CONJUNCTION_DISJUNCTION
2748-d7b45954-988c-4082-b6c4-2d92067ec2c3,0,FALSE,35,12,TRUE,FALSE,CONJUNCTION_DISJUNCTION
2748-d7b45954-988c-4082-b6c4-2d92067ec2c3,0,FALSE,35,41,FALSE,FALSE,CONJUNCTION_DISJUNCTION
2748-d7b45954-988c-4082-b6c4-2d92067ec2c3,0,FALSE,35,42,TRUE,FALSE,CONJUNCTION_DISJUNCTION
2748-d7b45954-988c-4082-b6c4-2d92067ec2c3,0,FALSE,35,43,FALSE,FALSE,CONJUNCTION_DISJUNCTION
2748-d7b45954-988c-4082-b6c4-2d92067ec2c3,0,FALSE,35,44,FALSE,FALSE,CONJUNCTION_DISJUNCTION
2748-d7b45954-988c-4082-b6c4-2d92067ec2c3,0,FALSE,35,18,FALSE,FALSE,CONJUNCTION_DISJUNCTION
2748-d7b45954-988c-4082-b6c4-2d92067ec2c3,0,TRUE,35,46,TRUE,FALSE,CONJUNCTION_DISJUNCTION
2748-d7b45954-988c-4082-b6c4-2d92067ec2c3,0,TRUE,35,47,FALSE,FALSE,CONJUNCTION_DISJUNCTION
2748-d7b45954-988c-4082-b6c4-2d92067ec2c3,0,FALSE,35,48,TRUE,FALSE,CONJUNCTION_DISJUNCTION
2748-d7b45954-988c-4082-b6c4-2d92067ec2c3,0,FALSE,35,49,FALSE,FALSE,CONJUNCTION_DISJUNCTION
2748-d7b45954-988c-4082-b6c4-2d92067ec2c3,0,FALSE,35,40,FALSE,FALSE,CONJUNCTION_DISJUNCTION
2748-d7b45954-988c-4082-b6c4-2d92067ec2c3,0,FALSE,35,45,TRUE,FALSE,CONJUNCTION_DISJUNCTION
2748-d7b45954-988c-4082-b6c4-2d92067ec2c3,1,FALSE,5,0,FALSE,FALSE,SINGLE_FEATURE
2748-d7b45954-988c-4082-b6c4-2d92067ec2c3,1,FALSE,5,1,FALSE,FALSE,SINGLE_FEATURE
2748-d7b45954-988c-4082-b6c4-2d92067ec2c3,1,TRUE,5,2,TRUE,TRUE,SINGLE_FEATURE
2748-d7b45954-988c-4082-b6c4-2d92067ec2c3,1,TRUE,5,3,TRUE,TRUE,SINGLE_FEATURE
2748-d7b45954-988c-4082-b6c4-2d92067ec2c3,1,TRUE,5,4,TRUE,TRUE,SINGLE_FEATURE
2748-d7b45954-988c-4082-b6c4-2d92067ec2c3,1,FALSE,5,5,FALSE,FALSE,SINGLE_FEATURE
2748-d7b45954-988c-4082-b6c4-2d92067ec2c3,1,FALSE,5,6,FALSE,FALSE,SINGLE_FEATURE
2748-d7b45954-988c-4082-b6c4-2d92067ec2c3,1,TRUE,5,7,TRUE,TRUE,SINGLE_FEATURE
2748-d7b45954-988c-4082-b6c4-2d92067ec2c3,1,FALSE,5,8,FALSE,FALSE,SINGLE_FEATURE
2748-d7b45954-988c-4082-b6c4-2d92067ec2c3,1,FALSE,5,9,FALSE,FALSE,SINGLE_FEATURE
2748-d7b45954-988c-4082-b6c4-2d92067ec2c3,1,TRUE,5,12,TRUE,TRUE,SINGLE_FEATURE
2748-d7b45954-988c-4082-b6c4-2d92067ec2c3,1,FALSE,5,13,FALSE,FALSE,SINGLE_FEATURE
2748-d7b45954-988c-4082-b6c4-2d92067ec2c3,1,FALSE,5,14,FALSE,FALSE,SINGLE_FEATURE
2748-d7b45954-988c-4082-b6c4-2d92067ec2c3,1,FALSE,5,15,FALSE,FALSE,SINGLE_FEATURE
2748-d7b45954-988c-4082-b6c4-2d92067ec2c3,1,TRUE,5,16,TRUE,TRUE,SINGLE_FEATURE
2748-d7b45954-988c-4082-b6c4-2d92067ec2c3,1,FALSE,5,17,FALSE,FALSE,SINGLE_FEATURE
2748-d7b45954-988c-4082-b6c4-2d92067ec2c3,1,FALSE,5,18,FALSE,FALSE,SINGLE_FEATURE
2748-d7b45954-988c-4082-b6c4-2d92067ec2c3,1,FALSE,5,19,FALSE,FALSE,SINGLE_FEATURE
2748-d7b45954-988c-4082-b6c4-2d92067ec2c3,1,TRUE,5,20,TRUE,TRUE,SINGLE_FEATURE
2748-d7b45954-988c-4082-b6c4-2d92067ec2c3,1,FALSE,5,21,FALSE,FALSE,SINGLE_FEATURE
2748-d7b45954-988c-4082-b6c4-2d92067ec2c3,1,TRUE,5,22,TRUE,TRUE,SINGLE_FEATURE
2748-d7b45954-988c-4082-b6c4-2d92067ec2c3,1,TRUE,5,23,TRUE,TRUE,SINGLE_FEATURE
2748-d7b45954-988c-4082-b6c4-2d92067ec2c3,1,TRUE,5,24,TRUE,TRUE,SINGLE_FEATURE
2748-d7b45954-988c-4082-b6c4-2d92067ec2c3,1,FALSE,5,25,FALSE,FALSE,SINGLE_FEATURE
2748-d7b45954-988c-4082-b6c4-2d92067ec2c3,1,FALSE,5,26,FALSE,FALSE,SINGLE_FEATURE
2748-d7b45954-988c-4082-b6c4-2d92067ec2c3,1,FALSE,5,27,FALSE,FALSE,SINGLE_FEATURE
2748-d7b45954-988c-4082-b6c4-2d92067ec2c3,1,FALSE,5,28,FALSE,FALSE,SINGLE_FEATURE
2748-d7b45954-988c-4082-b6c4-2d92067ec2c3,1,FALSE,5,29,FALSE,FALSE,SINGLE_FEATURE
2748-d7b45954-988c-4082-b6c4-2d92067ec2c3,1,FALSE,5,30,FALSE,FALSE,SINGLE_FEATURE
2748-d7b45954-988c-4082-b6c4-2d92067ec2c3,1,FALSE,5,31,FALSE,FALSE,SINGLE_FEATURE
2748-d7b45954-988c-4082-b6c4-2d92067ec2c3,1,FALSE,5,32,TRUE,TRUE,SINGLE_FEATURE
2748-d7b45954-988c-4082-b6c4-2d92067ec2c3,1,FALSE,5,33,FALSE,FALSE,SINGLE_FEATURE
2748-d7b45954-988c-4082-b6c4-2d92067ec2c3,1,TRUE,5,34,TRUE,TRUE,SINGLE_FEATURE
2748-d7b45954-988c-4082-b6c4-2d92067ec2c3,1,FALSE,5,35,FALSE,FALSE,SINGLE_FEATURE
2748-d7b45954-988c-4082-b6c4-2d92067ec2c3,1,FALSE,5,36,FALSE,FALSE,SINGLE_FEATURE
2748-d7b45954-988c-4082-b6c4-2d92067ec2c3,1,FALSE,5,37,FALSE,FALSE,SINGLE_FEATURE
2748-d7b45954-988c-4082-b6c4-2d92067ec2c3,1,FALSE,5,38,FALSE,FALSE,SINGLE_FEATURE
2748-d7b45954-988c-4082-b6c4-2d92067ec2c3,1,FALSE,5,39,FALSE,FALSE,SINGLE_FEATURE
2748-d7b45954-988c-4082-b6c4-2d92067ec2c3,1,TRUE,5,10,TRUE,TRUE,SINGLE_FEATURE
2748-d7b45954-988c-4082-b6c4-2d92067ec2c3,1,FALSE,5,11,FALSE,FALSE,SINGLE_FEATURE
2748-d7b45954-988c-4082-b6c4-2d92067ec2c3,1,FALSE,5,42,TRUE,TRUE,SINGLE_FEATURE
2748-d7b45954-988c-4082-b6c4-2d92067ec2c3,1,TRUE,5,43,TRUE,TRUE,SINGLE_FEATURE
2748-d7b45954-988c-4082-b6c4-2d92067ec2c3,1,FALSE,5,44,FALSE,FALSE,SINGLE_FEATURE
2748-d7b45954-988c-4082-b6c4-2d92067ec2c3,1,FALSE,5,45,FALSE,FALSE,SINGLE_FEATURE
2748-d7b45954-988c-4082-b6c4-2d92067ec2c3,1,FALSE,5,46,FALSE,FALSE,SINGLE_FEATURE
2748-d7b45954-988c-4082-b6c4-2d92067ec2c3,1,FALSE,5,47,FALSE,FALSE,SINGLE_FEATURE
2748-d7b45954-988c-4082-b6c4-2d92067ec2c3,1,FALSE,5,48,FALSE,FALSE,SINGLE_FEATURE
2748-d7b45954-988c-4082-b6c4-2d92067ec2c3,1,FALSE,5,49,FALSE,FALSE,SINGLE_FEATURE
2748-d7b45954-988c-4082-b6c4-2d92067ec2c3,1,FALSE,5,40,FALSE,FALSE,SINGLE_FEATURE
2748-d7b45954-988c-4082-b6c4-2d92067ec2c3,1,TRUE,5,41,TRUE,TRUE,SINGLE_FEATURE
2748-d7b45954-988c-4082-b6c4-2d92067ec2c3,2,FALSE,45,0,FALSE,FALSE,DISJUNCTION_CONJUNCTION
2748-d7b45954-988c-4082-b6c4-2d92067ec2c3,2,FALSE,45,1,FALSE,TRUE,DISJUNCTION_CONJUNCTION
2748-d7b45954-988c-4082-b6c4-2d92067ec2c3,2,FALSE,45,2,FALSE,FALSE,DISJUNCTION_CONJUNCTION
2748-d7b45954-988c-4082-b6c4-2d92067ec2c3,2,TRUE,45,3,TRUE,FALSE,DISJUNCTION_CONJUNCTION
2748-d7b45954-988c-4082-b6c4-2d92067ec2c3,2,FALSE,45,4,FALSE,FALSE,DISJUNCTION_CONJUNCTION
2748-d7b45954-988c-4082-b6c4-2d92067ec2c3,2,FALSE,45,5,FALSE,FALSE,DISJUNCTION_CONJUNCTION
2748-d7b45954-988c-4082-b6c4-2d92067ec2c3,2,FALSE,45,6,FALSE,FALSE,DISJUNCTION_CONJUNCTION
2748-d7b45954-988c-4082-b6c4-2d92067ec2c3,2,FALSE,45,7,FALSE,FALSE,DISJUNCTION_CONJUNCTION
2748-d7b45954-988c-4082-b6c4-2d92067ec2c3,2,FALSE,45,8,FALSE,FALSE,DISJUNCTION_CONJUNCTION
2748-d7b45954-988c-4082-b6c4-2d92067ec2c3,2,FALSE,45,9,FALSE,FALSE,DISJUNCTION_CONJUNCTION
2748-d7b45954-988c-4082-b6c4-2d92067ec2c3,2,FALSE,45,10,FALSE,FALSE,DISJUNCTION_CONJUNCTION
2748-d7b45954-988c-4082-b6c4-2d92067ec2c3,2,FALSE,45,11,FALSE,FALSE,DISJUNCTION_CONJUNCTION
2748-d7b45954-988c-4082-b6c4-2d92067ec2c3,2,FALSE,45,12,FALSE,FALSE,DISJUNCTION_CONJUNCTION
2748-d7b45954-988c-4082-b6c4-2d92067ec2c3,2,FALSE,45,13,FALSE,FALSE,DISJUNCTION_CONJUNCTION
2748-d7b45954-988c-4082-b6c4-2d92067ec2c3,2,FALSE,45,14,FALSE,FALSE,DISJUNCTION_CONJUNCTION
2748-d7b45954-988c-4082-b6c4-2d92067ec2c3,2,TRUE,45,15,TRUE,FALSE,DISJUNCTION_CONJUNCTION
2748-d7b45954-988c-4082-b6c4-2d92067ec2c3,2,TRUE,45,16,TRUE,FALSE,DISJUNCTION_CONJUNCTION
2748-d7b45954-988c-4082-b6c4-2d92067ec2c3,2,FALSE,45,19,FALSE,FALSE,DISJUNCTION_CONJUNCTION
2748-d7b45954-988c-4082-b6c4-2d92067ec2c3,2,TRUE,45,20,TRUE,FALSE,DISJUNCTION_CONJUNCTION
2748-d7b45954-988c-4082-b6c4-2d92067ec2c3,2,FALSE,45,21,FALSE,FALSE,DISJUNCTION_CONJUNCTION
2748-d7b45954-988c-4082-b6c4-2d92067ec2c3,2,FALSE,45,22,FALSE,FALSE,DISJUNCTION_CONJUNCTION
2748-d7b45954-988c-4082-b6c4-2d92067ec2c3,2,TRUE,45,23,TRUE,FALSE,DISJUNCTION_CONJUNCTION
2748-d7b45954-988c-4082-b6c4-2d92067ec2c3,2,FALSE,45,24,FALSE,FALSE,DISJUNCTION_CONJUNCTION
2748-d7b45954-988c-4082-b6c4-2d92067ec2c3,2,FALSE,45,25,FALSE,FALSE,DISJUNCTION_CONJUNCTION
2748-d7b45954-988c-4082-b6c4-2d92067ec2c3,2,FALSE,45,26,FALSE,FALSE,DISJUNCTION_CONJUNCTION
2748-d7b45954-988c-4082-b6c4-2d92067ec2c3,2,TRUE,45,27,TRUE,FALSE,DISJUNCTION_CONJUNCTION
2748-d7b45954-988c-4082-b6c4-2d92067ec2c3,2,FALSE,45,28,FALSE,FALSE,DISJUNCTION_CONJUNCTION
2748-d7b45954-988c-4082-b6c4-2d92067ec2c3,2,TRUE,45,29,TRUE,FALSE,DISJUNCTION_CONJUNCTION
2748-d7b45954-988c-4082-b6c4-2d92067ec2c3,2,TRUE,45,30,TRUE,FALSE,DISJUNCTION_CONJUNCTION
2748-d7b45954-988c-4082-b6c4-2d92067ec2c3,2,FALSE,45,31,FALSE,FALSE,DISJUNCTION_CONJUNCTION
2748-d7b45954-988c-4082-b6c4-2d92067ec2c3,2,FALSE,45,32,FALSE,FALSE,DISJUNCTION_CONJUNCTION
2748-d7b45954-988c-4082-b6c4-2d92067ec2c3,2,FALSE,45,33,FALSE,FALSE,DISJUNCTION_CONJUNCTION
2748-d7b45954-988c-4082-b6c4-2d92067ec2c3,2,FALSE,45,34,FALSE,FALSE,DISJUNCTION_CONJUNCTION
2748-d7b45954-988c-4082-b6c4-2d92067ec2c3,2,FALSE,45,35,FALSE,FALSE,DISJUNCTION_CONJUNCTION
2748-d7b45954-988c-4082-b6c4-2d92067ec2c3,2,TRUE,45,36,TRUE,FALSE,DISJUNCTION_CONJUNCTION
2748-d7b45954-988c-4082-b6c4-2d92067ec2c3,2,FALSE,45,37,FALSE,FALSE,DISJUNCTION_CONJUNCTION
2748-d7b45954-988c-4082-b6c4-2d92067ec2c3,2,FALSE,45,38,FALSE,FALSE,DISJUNCTION_CONJUNCTION
2748-d7b45954-988c-4082-b6c4-2d92067ec2c3,2,FALSE,45,39,FALSE,FALSE,DISJUNCTION_CONJUNCTION
2748-d7b45954-988c-4082-b6c4-2d92067ec2c3,2,FALSE,45,40,FALSE,FALSE,DISJUNCTION_CONJUNCTION
2748-d7b45954-988c-4082-b6c4-2d92067ec2c3,2,FALSE,45,41,FALSE,FALSE,DISJUNCTION_CONJUNCTION
2748-d7b45954-988c-4082-b6c4-2d92067ec2c3,2,TRUE,45,42,TRUE,FALSE,DISJUNCTION_CONJUNCTION
2748-d7b45954-988c-4082-b6c4-2d92067ec2c3,2,TRUE,45,43,TRUE,FALSE,DISJUNCTION_CONJUNCTION
2748-d7b45954-988c-4082-b6c4-2d92067ec2c3,2,FALSE,45,44,FALSE,FALSE,DISJUNCTION_CONJUNCTION
2748-d7b45954-988c-4082-b6c4-2d92067ec2c3,2,FALSE,45,45,FALSE,FALSE,DISJUNCTION_CONJUNCTION
2748-d7b45954-988c-4082-b6c4-2d92067ec2c3,2,TRUE,45,46,TRUE,FALSE,DISJUNCTION_CONJUNCTION
2748-d7b45954-988c-4082-b6c4-2d92067ec2c3,2,FALSE,45,47,FALSE,FALSE,DISJUNCTION_CONJUNCTION
2748-d7b45954-988c-4082-b6c4-2d92067ec2c3,2,FALSE,45,48,FALSE,FALSE,DISJUNCTION_CONJUNCTION
2748-d7b45954-988c-4082-b6c4-2d92067ec2c3,2,FALSE,45,49,FALSE,FALSE,DISJUNCTION_CONJUNCTION
2748-d7b45954-988c-4082-b6c4-2d92067ec2c3,2,TRUE,45,17,TRUE,FALSE,DISJUNCTION_CONJUNCTION
2748-d7b45954-988c-4082-b6c4-2d92067ec2c3,2,FALSE,45,18,FALSE,FALSE,DISJUNCTION_CONJUNCTION
2748-d7b45954-988c-4082-b6c4-2d92067ec2c3,3,FALSE,25,0,FALSE,FALSE,DISJUNCTION
2748-d7b45954-988c-4082-b6c4-2d92067ec2c3,3,FALSE,25,5,FALSE,FALSE,DISJUNCTION
2748-d7b45954-988c-4082-b6c4-2d92067ec2c3,3,TRUE,25,1,FALSE,TRUE,DISJUNCTION
2748-d7b45954-988c-4082-b6c4-2d92067ec2c3,3,TRUE,25,2,FALSE,TRUE,DISJUNCTION
2748-d7b45954-988c-4082-b6c4-2d92067ec2c3,3,TRUE,25,3,FALSE,TRUE,DISJUNCTION
2748-d7b45954-988c-4082-b6c4-2d92067ec2c3,3,FALSE,25,4,FALSE,FALSE,DISJUNCTION
2748-d7b45954-988c-4082-b6c4-2d92067ec2c3,3,FALSE,25,6,FALSE,FALSE,DISJUNCTION
2748-d7b45954-988c-4082-b6c4-2d92067ec2c3,3,FALSE,25,7,TRUE,FALSE,DISJUNCTION
2748-d7b45954-988c-4082-b6c4-2d92067ec2c3,3,FALSE,25,8,TRUE,FALSE,DISJUNCTION
2748-d7b45954-988c-4082-b6c4-2d92067ec2c3,3,FALSE,25,9,FALSE,FALSE,DISJUNCTION
2748-d7b45954-988c-4082-b6c4-2d92067ec2c3,3,FALSE,25,10,TRUE,FALSE,DISJUNCTION
2748-d7b45954-988c-4082-b6c4-2d92067ec2c3,3,FALSE,25,11,FALSE,FALSE,DISJUNCTION
2748-d7b45954-988c-4082-b6c4-2d92067ec2c3,3,FALSE,25,12,FALSE,FALSE,DISJUNCTION
2748-d7b45954-988c-4082-b6c4-2d92067ec2c3,3,FALSE,25,13,FALSE,FALSE,DISJUNCTION
2748-d7b45954-988c-4082-b6c4-2d92067ec2c3,3,FALSE,25,14,FALSE,FALSE,DISJUNCTION
2748-d7b45954-988c-4082-b6c4-2d92067ec2c3,3,FALSE,25,15,FALSE,FALSE,DISJUNCTION
2748-d7b45954-988c-4082-b6c4-2d92067ec2c3,3,FALSE,25,16,FALSE,FALSE,DISJUNCTION
2748-d7b45954-988c-4082-b6c4-2d92067ec2c3,3,FALSE,25,17,FALSE,FALSE,DISJUNCTION
2748-d7b45954-988c-4082-b6c4-2d92067ec2c3,3,FALSE,25,18,TRUE,FALSE,DISJUNCTION
2748-d7b45954-988c-4082-b6c4-2d92067ec2c3,3,FALSE,25,19,TRUE,FALSE,DISJUNCTION
2748-d7b45954-988c-4082-b6c4-2d92067ec2c3,3,FALSE,25,22,TRUE,FALSE,DISJUNCTION
2748-d7b45954-988c-4082-b6c4-2d92067ec2c3,3,FALSE,25,23,FALSE,FALSE,DISJUNCTION
2748-d7b45954-988c-4082-b6c4-2d92067ec2c3,3,FALSE,25,24,TRUE,FALSE,DISJUNCTION
2748-d7b45954-988c-4082-b6c4-2d92067ec2c3,3,FALSE,25,25,FALSE,FALSE,DISJUNCTION
2748-d7b45954-988c-4082-b6c4-2d92067ec2c3,3,FALSE,25,26,FALSE,FALSE,DISJUNCTION
2748-d7b45954-988c-4082-b6c4-2d92067ec2c3,3,FALSE,25,27,FALSE,FALSE,DISJUNCTION
2748-d7b45954-988c-4082-b6c4-2d92067ec2c3,3,FALSE,25,28,FALSE,FALSE,DISJUNCTION
2748-d7b45954-988c-4082-b6c4-2d92067ec2c3,3,FALSE,25,29,FALSE,FALSE,DISJUNCTION
2748-d7b45954-988c-4082-b6c4-2d92067ec2c3,3,FALSE,25,30,FALSE,FALSE,DISJUNCTION
2748-d7b45954-988c-4082-b6c4-2d92067ec2c3,3,FALSE,25,31,FALSE,FALSE,DISJUNCTION
2748-d7b45954-988c-4082-b6c4-2d92067ec2c3,3,FALSE,25,32,TRUE,FALSE,DISJUNCTION
2748-d7b45954-988c-4082-b6c4-2d92067ec2c3,3,FALSE,25,33,TRUE,FALSE,DISJUNCTION
2748-d7b45954-988c-4082-b6c4-2d92067ec2c3,3,FALSE,25,34,FALSE,FALSE,DISJUNCTION
2748-d7b45954-988c-4082-b6c4-2d92067ec2c3,3,FALSE,25,35,FALSE,FALSE,DISJUNCTION
2748-d7b45954-988c-4082-b6c4-2d92067ec2c3,3,FALSE,25,36,TRUE,FALSE,DISJUNCTION
2748-d7b45954-988c-4082-b6c4-2d92067ec2c3,3,FALSE,25,37,TRUE,FALSE,DISJUNCTION
2748-d7b45954-988c-4082-b6c4-2d92067ec2c3,3,FALSE,25,38,TRUE,FALSE,DISJUNCTION
2748-d7b45954-988c-4082-b6c4-2d92067ec2c3,3,FALSE,25,39,FALSE,FALSE,DISJUNCTION
2748-d7b45954-988c-4082-b6c4-2d92067ec2c3,3,FALSE,25,40,FALSE,FALSE,DISJUNCTION
2748-d7b45954-988c-4082-b6c4-2d92067ec2c3,3,FALSE,25,41,FALSE,FALSE,DISJUNCTION
2748-d7b45954-988c-4082-b6c4-2d92067ec2c3,3,FALSE,25,42,TRUE,FALSE,DISJUNCTION
2748-d7b45954-988c-4082-b6c4-2d92067ec2c3,3,FALSE,25,43,FALSE,FALSE,DISJUNCTION
2748-d7b45954-988c-4082-b6c4-2d92067ec2c3,3,FALSE,25,44,FALSE,FALSE,DISJUNCTION
2748-d7b45954-988c-4082-b6c4-2d92067ec2c3,3,FALSE,25,45,FALSE,FALSE,DISJUNCTION
2748-d7b45954-988c-4082-b6c4-2d92067ec2c3,3,FALSE,25,46,FALSE,FALSE,DISJUNCTION
2748-d7b45954-988c-4082-b6c4-2d92067ec2c3,3,FALSE,25,47,FALSE,FALSE,DISJUNCTION
2748-d7b45954-988c-4082-b6c4-2d92067ec2c3,3,FALSE,25,48,FALSE,FALSE,DISJUNCTION
2748-d7b45954-988c-4082-b6c4-2d92067ec2c3,3,FALSE,25,49,TRUE,FALSE,DISJUNCTION
2748-d7b45954-988c-4082-b6c4-2d92067ec2c3,3,FALSE,25,20,TRUE,FALSE,DISJUNCTION
2748-d7b45954-988c-4082-b6c4-2d92067ec2c3,3,FALSE,25,21,TRUE,FALSE,DISJUNCTION
2748-d7b45954-988c-4082-b6c4-2d92067ec2c3,4,FALSE,15,0,FALSE,FALSE,CONJUNCTION
2748-d7b45954-988c-4082-b6c4-2d92067ec2c3,4,FALSE,15,1,FALSE,FALSE,CONJUNCTION
2748-d7b45954-988c-4082-b6c4-2d92067ec2c3,4,FALSE,15,2,FALSE,FALSE,CONJUNCTION
2748-d7b45954-988c-4082-b6c4-2d92067ec2c3,4,FALSE,15,3,FALSE,FALSE,CONJUNCTION
2748-d7b45954-988c-4082-b6c4-2d92067ec2c3,4,FALSE,15,4,FALSE,FALSE,CONJUNCTION
2748-d7b45954-988c-4082-b6c4-2d92067ec2c3,4,FALSE,15,5,FALSE,FALSE,CONJUNCTION
2748-d7b45954-988c-4082-b6c4-2d92067ec2c3,4,FALSE,15,6,FALSE,FALSE,CONJUNCTION
2748-d7b45954-988c-4082-b6c4-2d92067ec2c3,4,FALSE,15,7,FALSE,FALSE,CONJUNCTION
2748-d7b45954-988c-4082-b6c4-2d92067ec2c3,4,FALSE,15,8,FALSE,FALSE,CONJUNCTION
2748-d7b45954-988c-4082-b6c4-2d92067ec2c3,4,FALSE,15,9,FALSE,FALSE,CONJUNCTION
2748-d7b45954-988c-4082-b6c4-2d92067ec2c3,4,FALSE,15,10,FALSE,FALSE,CONJUNCTION
2748-d7b45954-988c-4082-b6c4-2d92067ec2c3,4,TRUE,15,11,TRUE,TRUE,CONJUNCTION
2748-d7b45954-988c-4082-b6c4-2d92067ec2c3,4,FALSE,15,12,TRUE,TRUE,CONJUNCTION
2748-d7b45954-988c-4082-b6c4-2d92067ec2c3,4,FALSE,15,13,FALSE,FALSE,CONJUNCTION
2748-d7b45954-988c-4082-b6c4-2d92067ec2c3,4,FALSE,15,14,FALSE,FALSE,CONJUNCTION
2748-d7b45954-988c-4082-b6c4-2d92067ec2c3,4,FALSE,15,15,FALSE,FALSE,CONJUNCTION
2748-d7b45954-988c-4082-b6c4-2d92067ec2c3,4,TRUE,15,16,TRUE,TRUE,CONJUNCTION
2748-d7b45954-988c-4082-b6c4-2d92067ec2c3,4,FALSE,15,17,FALSE,FALSE,CONJUNCTION
2748-d7b45954-988c-4082-b6c4-2d92067ec2c3,4,FALSE,15,18,FALSE,FALSE,CONJUNCTION
2748-d7b45954-988c-4082-b6c4-2d92067ec2c3,4,FALSE,15,19,FALSE,FALSE,CONJUNCTION
2748-d7b45954-988c-4082-b6c4-2d92067ec2c3,4,FALSE,15,20,FALSE,FALSE,CONJUNCTION
2748-d7b45954-988c-4082-b6c4-2d92067ec2c3,4,FALSE,15,21,FALSE,FALSE,CONJUNCTION
2748-d7b45954-988c-4082-b6c4-2d92067ec2c3,4,FALSE,15,22,FALSE,FALSE,CONJUNCTION
2748-d7b45954-988c-4082-b6c4-2d92067ec2c3,4,FALSE,15,23,FALSE,FALSE,CONJUNCTION
2748-d7b45954-988c-4082-b6c4-2d92067ec2c3,4,FALSE,15,24,FALSE,FALSE,CONJUNCTION
2748-d7b45954-988c-4082-b6c4-2d92067ec2c3,4,FALSE,15,27,FALSE,FALSE,CONJUNCTION
2748-d7b45954-988c-4082-b6c4-2d92067ec2c3,4,FALSE,15,28,FALSE,FALSE,CONJUNCTION
2748-d7b45954-988c-4082-b6c4-2d92067ec2c3,4,FALSE,15,29,FALSE,FALSE,CONJUNCTION
2748-d7b45954-988c-4082-b6c4-2d92067ec2c3,4,TRUE,15,30,TRUE,FALSE,CONJUNCTION
2748-d7b45954-988c-4082-b6c4-2d92067ec2c3,4,FALSE,15,31,FALSE,FALSE,CONJUNCTION
2748-d7b45954-988c-4082-b6c4-2d92067ec2c3,4,FALSE,15,32,FALSE,FALSE,CONJUNCTION
2748-d7b45954-988c-4082-b6c4-2d92067ec2c3,4,FALSE,15,33,FALSE,FALSE,CONJUNCTION
2748-d7b45954-988c-4082-b6c4-2d92067ec2c3,4,FALSE,15,34,FALSE,FALSE,CONJUNCTION
2748-d7b45954-988c-4082-b6c4-2d92067ec2c3,4,FALSE,15,35,FALSE,FALSE,CONJUNCTION
2748-d7b45954-988c-4082-b6c4-2d92067ec2c3,4,FALSE,15,36,FALSE,FALSE,CONJUNCTION
2748-d7b45954-988c-4082-b6c4-2d92067ec2c3,4,FALSE,15,37,FALSE,FALSE,CONJUNCTION
2748-d7b45954-988c-4082-b6c4-2d92067ec2c3,4,FALSE,15,38,FALSE,FALSE,CONJUNCTION
2748-d7b45954-988c-4082-b6c4-2d92067ec2c3,4,FALSE,15,39,FALSE,FALSE,CONJUNCTION
2748-d7b45954-988c-4082-b6c4-2d92067ec2c3,4,FALSE,15,40,FALSE,FALSE,CONJUNCTION
2748-d7b45954-988c-4082-b6c4-2d92067ec2c3,4,FALSE,15,41,FALSE,FALSE,CONJUNCTION
2748-d7b45954-988c-4082-b6c4-2d92067ec2c3,4,FALSE,15,42,FALSE,FALSE,CONJUNCTION
2748-d7b45954-988c-4082-b6c4-2d92067ec2c3,4,FALSE,15,43,FALSE,FALSE,CONJUNCTION
2748-d7b45954-988c-4082-b6c4-2d92067ec2c3,4,FALSE,15,44,FALSE,FALSE,CONJUNCTION
2748-d7b45954-988c-4082-b6c4-2d92067ec2c3,4,FALSE,15,45,FALSE,FALSE,CONJUNCTION
2748-d7b45954-988c-4082-b6c4-2d92067ec2c3,4,TRUE,15,46,TRUE,TRUE,CONJUNCTION
2748-d7b45954-988c-4082-b6c4-2d92067ec2c3,4,FALSE,15,47,FALSE,FALSE,CONJUNCTION
2748-d7b45954-988c-4082-b6c4-2d92067ec2c3,4,TRUE,15,48,TRUE,TRUE,CONJUNCTION
2748-d7b45954-988c-4082-b6c4-2d92067ec2c3,4,TRUE,15,49,TRUE,TRUE,CONJUNCTION
2748-d7b45954-988c-4082-b6c4-2d92067ec2c3,4,FALSE,15,25,FALSE,FALSE,CONJUNCTION
2748-d7b45954-988c-4082-b6c4-2d92067ec2c3,4,FALSE,15,26,FALSE,FALSE,CONJUNCTION
1238-0ae11de8-a557-4d5a-83c0-504fd7db0166,0,TRUE,6,2,TRUE,TRUE,SINGLE_FEATURE
1238-0ae11de8-a557-4d5a-83c0-504fd7db0166,0,TRUE,6,3,TRUE,TRUE,SINGLE_FEATURE
1238-0ae11de8-a557-4d5a-83c0-504fd7db0166,0,TRUE,6,1,TRUE,TRUE,SINGLE_FEATURE
1238-0ae11de8-a557-4d5a-83c0-504fd7db0166,0,FALSE,6,0,FALSE,FALSE,SINGLE_FEATURE
1238-0ae11de8-a557-4d5a-83c0-504fd7db0166,0,FALSE,6,6,FALSE,FALSE,SINGLE_FEATURE
1238-0ae11de8-a557-4d5a-83c0-504fd7db0166,0,TRUE,6,7,TRUE,TRUE,SINGLE_FEATURE
1238-0ae11de8-a557-4d5a-83c0-504fd7db0166,0,TRUE,6,8,TRUE,TRUE,SINGLE_FEATURE
1238-0ae11de8-a557-4d5a-83c0-504fd7db0166,0,FALSE,6,9,FALSE,FALSE,SINGLE_FEATURE
1238-0ae11de8-a557-4d5a-83c0-504fd7db0166,0,FALSE,6,10,FALSE,FALSE,SINGLE_FEATURE
1238-0ae11de8-a557-4d5a-83c0-504fd7db0166,0,TRUE,6,11,TRUE,TRUE,SINGLE_FEATURE
1238-0ae11de8-a557-4d5a-83c0-504fd7db0166,0,TRUE,6,12,TRUE,TRUE,SINGLE_FEATURE
1238-0ae11de8-a557-4d5a-83c0-504fd7db0166,0,FALSE,6,13,FALSE,FALSE,SINGLE_FEATURE
1238-0ae11de8-a557-4d5a-83c0-504fd7db0166,0,FALSE,6,14,FALSE,FALSE,SINGLE_FEATURE
1238-0ae11de8-a557-4d5a-83c0-504fd7db0166,0,TRUE,6,15,TRUE,TRUE,SINGLE_FEATURE
1238-0ae11de8-a557-4d5a-83c0-504fd7db0166,0,FALSE,6,16,FALSE,FALSE,SINGLE_FEATURE
1238-0ae11de8-a557-4d5a-83c0-504fd7db0166,0,FALSE,6,4,FALSE,FALSE,SINGLE_FEATURE
1238-0ae11de8-a557-4d5a-83c0-504fd7db0166,0,TRUE,6,20,TRUE,TRUE,SINGLE_FEATURE
1238-0ae11de8-a557-4d5a-83c0-504fd7db0166,0,TRUE,6,19,TRUE,TRUE,SINGLE_FEATURE
1238-0ae11de8-a557-4d5a-83c0-504fd7db0166,0,FALSE,6,18,FALSE,FALSE,SINGLE_FEATURE
1238-0ae11de8-a557-4d5a-83c0-504fd7db0166,0,FALSE,6,5,FALSE,FALSE,SINGLE_FEATURE
1238-0ae11de8-a557-4d5a-83c0-504fd7db0166,0,TRUE,6,22,TRUE,TRUE,SINGLE_FEATURE
1238-0ae11de8-a557-4d5a-83c0-504fd7db0166,0,FALSE,6,23,FALSE,FALSE,SINGLE_FEATURE
1238-0ae11de8-a557-4d5a-83c0-504fd7db0166,0,TRUE,6,24,TRUE,TRUE,SINGLE_FEATURE
1238-0ae11de8-a557-4d5a-83c0-504fd7db0166,0,FALSE,6,25,FALSE,FALSE,SINGLE_FEATURE
1238-0ae11de8-a557-4d5a-83c0-504fd7db0166,0,TRUE,6,21,TRUE,TRUE,SINGLE_FEATURE
1238-0ae11de8-a557-4d5a-83c0-504fd7db0166,0,TRUE,6,27,TRUE,TRUE,SINGLE_FEATURE
1238-0ae11de8-a557-4d5a-83c0-504fd7db0166,0,TRUE,6,28,TRUE,TRUE,SINGLE_FEATURE
1238-0ae11de8-a557-4d5a-83c0-504fd7db0166,0,TRUE,6,29,TRUE,TRUE,SINGLE_FEATURE
1238-0ae11de8-a557-4d5a-83c0-504fd7db0166,0,TRUE,6,17,TRUE,TRUE,SINGLE_FEATURE
1238-0ae11de8-a557-4d5a-83c0-504fd7db0166,0,TRUE,6,31,TRUE,TRUE,SINGLE_FEATURE
1238-0ae11de8-a557-4d5a-83c0-504fd7db0166,0,TRUE,6,32,TRUE,TRUE,SINGLE_FEATURE
1238-0ae11de8-a557-4d5a-83c0-504fd7db0166,0,FALSE,6,33,FALSE,FALSE,SINGLE_FEATURE
1238-0ae11de8-a557-4d5a-83c0-504fd7db0166,0,FALSE,6,34,FALSE,FALSE,SINGLE_FEATURE
1238-0ae11de8-a557-4d5a-83c0-504fd7db0166,0,TRUE,6,35,TRUE,TRUE,SINGLE_FEATURE
1238-0ae11de8-a557-4d5a-83c0-504fd7db0166,0,FALSE,6,36,FALSE,FALSE,SINGLE_FEATURE
1238-0ae11de8-a557-4d5a-83c0-504fd7db0166,0,FALSE,6,37,FALSE,FALSE,SINGLE_FEATURE
1238-0ae11de8-a557-4d5a-83c0-504fd7db0166,0,FALSE,6,38,FALSE,FALSE,SINGLE_FEATURE
1238-0ae11de8-a557-4d5a-83c0-504fd7db0166,0,FALSE,6,39,FALSE,FALSE,SINGLE_FEATURE
1238-0ae11de8-a557-4d5a-83c0-504fd7db0166,0,TRUE,6,40,TRUE,TRUE,SINGLE_FEATURE
1238-0ae11de8-a557-4d5a-83c0-504fd7db0166,0,FALSE,6,41,FALSE,FALSE,SINGLE_FEATURE
1238-0ae11de8-a557-4d5a-83c0-504fd7db0166,0,FALSE,6,42,FALSE,FALSE,SINGLE_FEATURE
1238-0ae11de8-a557-4d5a-83c0-504fd7db0166,0,TRUE,6,43,TRUE,TRUE,SINGLE_FEATURE
1238-0ae11de8-a557-4d5a-83c0-504fd7db0166,0,TRUE,6,44,TRUE,TRUE,SINGLE_FEATURE
1238-0ae11de8-a557-4d5a-83c0-504fd7db0166,0,TRUE,6,45,TRUE,TRUE,SINGLE_FEATURE
1238-0ae11de8-a557-4d5a-83c0-504fd7db0166,0,FALSE,6,46,FALSE,FALSE,SINGLE_FEATURE
1238-0ae11de8-a557-4d5a-83c0-504fd7db0166,0,FALSE,6,47,FALSE,FALSE,SINGLE_FEATURE
1238-0ae11de8-a557-4d5a-83c0-504fd7db0166,0,TRUE,6,48,TRUE,TRUE,SINGLE_FEATURE
1238-0ae11de8-a557-4d5a-83c0-504fd7db0166,0,TRUE,6,49,TRUE,TRUE,SINGLE_FEATURE
1238-0ae11de8-a557-4d5a-83c0-504fd7db0166,0,TRUE,6,26,TRUE,TRUE,SINGLE_FEATURE
1238-0ae11de8-a557-4d5a-83c0-504fd7db0166,0,FALSE,6,30,FALSE,FALSE,SINGLE_FEATURE
1238-0ae11de8-a557-4d5a-83c0-504fd7db0166,1,TRUE,26,0,TRUE,TRUE,DISJUNCTION
1238-0ae11de8-a557-4d5a-83c0-504fd7db0166,1,TRUE,26,1,TRUE,TRUE,DISJUNCTION
1238-0ae11de8-a557-4d5a-83c0-504fd7db0166,1,TRUE,26,2,TRUE,TRUE,DISJUNCTION
1238-0ae11de8-a557-4d5a-83c0-504fd7db0166,1,TRUE,26,3,TRUE,TRUE,DISJUNCTION
1238-0ae11de8-a557-4d5a-83c0-504fd7db0166,1,FALSE,26,4,FALSE,FALSE,DISJUNCTION
1238-0ae11de8-a557-4d5a-83c0-504fd7db0166,1,TRUE,26,5,TRUE,TRUE,DISJUNCTION
1238-0ae11de8-a557-4d5a-83c0-504fd7db0166,1,TRUE,26,6,TRUE,TRUE,DISJUNCTION
1238-0ae11de8-a557-4d5a-83c0-504fd7db0166,1,FALSE,26,7,FALSE,FALSE,DISJUNCTION
1238-0ae11de8-a557-4d5a-83c0-504fd7db0166,1,TRUE,26,8,TRUE,TRUE,DISJUNCTION
1238-0ae11de8-a557-4d5a-83c0-504fd7db0166,1,TRUE,26,9,TRUE,TRUE,DISJUNCTION
1238-0ae11de8-a557-4d5a-83c0-504fd7db0166,1,FALSE,26,10,FALSE,FALSE,DISJUNCTION
1238-0ae11de8-a557-4d5a-83c0-504fd7db0166,1,TRUE,26,13,TRUE,TRUE,DISJUNCTION
1238-0ae11de8-a557-4d5a-83c0-504fd7db0166,1,FALSE,26,14,FALSE,FALSE,DISJUNCTION
1238-0ae11de8-a557-4d5a-83c0-504fd7db0166,1,TRUE,26,15,TRUE,TRUE,DISJUNCTION
1238-0ae11de8-a557-4d5a-83c0-504fd7db0166,1,TRUE,26,16,TRUE,TRUE,DISJUNCTION
1238-0ae11de8-a557-4d5a-83c0-504fd7db0166,1,FALSE,26,17,FALSE,FALSE,DISJUNCTION
1238-0ae11de8-a557-4d5a-83c0-504fd7db0166,1,TRUE,26,18,TRUE,TRUE,DISJUNCTION
1238-0ae11de8-a557-4d5a-83c0-504fd7db0166,1,TRUE,26,19,TRUE,TRUE,DISJUNCTION
1238-0ae11de8-a557-4d5a-83c0-504fd7db0166,1,TRUE,26,20,TRUE,TRUE,DISJUNCTION
1238-0ae11de8-a557-4d5a-83c0-504fd7db0166,1,TRUE,26,21,TRUE,TRUE,DISJUNCTION
1238-0ae11de8-a557-4d5a-83c0-504fd7db0166,1,TRUE,26,22,TRUE,FALSE,DISJUNCTION
1238-0ae11de8-a557-4d5a-83c0-504fd7db0166,1,TRUE,26,23,TRUE,TRUE,DISJUNCTION
1238-0ae11de8-a557-4d5a-83c0-504fd7db0166,1,TRUE,26,24,TRUE,TRUE,DISJUNCTION
1238-0ae11de8-a557-4d5a-83c0-504fd7db0166,1,TRUE,26,25,TRUE,TRUE,DISJUNCTION
1238-0ae11de8-a557-4d5a-83c0-504fd7db0166,1,TRUE,26,26,TRUE,TRUE,DISJUNCTION
1238-0ae11de8-a557-4d5a-83c0-504fd7db0166,1,TRUE,26,27,TRUE,TRUE,DISJUNCTION
1238-0ae11de8-a557-4d5a-83c0-504fd7db0166,1,TRUE,26,28,TRUE,TRUE,DISJUNCTION
1238-0ae11de8-a557-4d5a-83c0-504fd7db0166,1,FALSE,26,29,FALSE,FALSE,DISJUNCTION
1238-0ae11de8-a557-4d5a-83c0-504fd7db0166,1,TRUE,26,30,TRUE,TRUE,DISJUNCTION
1238-0ae11de8-a557-4d5a-83c0-504fd7db0166,1,TRUE,26,31,TRUE,TRUE,DISJUNCTION
1238-0ae11de8-a557-4d5a-83c0-504fd7db0166,1,TRUE,26,32,TRUE,TRUE,DISJUNCTION
1238-0ae11de8-a557-4d5a-83c0-504fd7db0166,1,TRUE,26,33,TRUE,TRUE,DISJUNCTION
1238-0ae11de8-a557-4d5a-83c0-504fd7db0166,1,FALSE,26,34,FALSE,FALSE,DISJUNCTION
1238-0ae11de8-a557-4d5a-83c0-504fd7db0166,1,TRUE,26,35,TRUE,TRUE,DISJUNCTION
1238-0ae11de8-a557-4d5a-83c0-504fd7db0166,1,TRUE,26,36,TRUE,TRUE,DISJUNCTION
1238-0ae11de8-a557-4d5a-83c0-504fd7db0166,1,TRUE,26,37,TRUE,TRUE,DISJUNCTION
1238-0ae11de8-a557-4d5a-83c0-504fd7db0166,1,FALSE,26,38,FALSE,FALSE,DISJUNCTION
1238-0ae11de8-a557-4d5a-83c0-504fd7db0166,1,FALSE,26,39,FALSE,FALSE,DISJUNCTION
1238-0ae11de8-a557-4d5a-83c0-504fd7db0166,1,TRUE,26,40,TRUE,TRUE,DISJUNCTION
1238-0ae11de8-a557-4d5a-83c0-504fd7db0166,1,TRUE,26,41,TRUE,TRUE,DISJUNCTION
1238-0ae11de8-a557-4d5a-83c0-504fd7db0166,1,TRUE,26,42,TRUE,TRUE,DISJUNCTION
1238-0ae11de8-a557-4d5a-83c0-504fd7db0166,1,TRUE,26,43,TRUE,TRUE,DISJUNCTION
1238-0ae11de8-a557-4d5a-83c0-504fd7db0166,1,FALSE,26,44,FALSE,FALSE,DISJUNCTION
1238-0ae11de8-a557-4d5a-83c0-504fd7db0166,1,TRUE,26,45,TRUE,TRUE,DISJUNCTION
1238-0ae11de8-a557-4d5a-83c0-504fd7db0166,1,FALSE,26,46,FALSE,FALSE,DISJUNCTION
1238-0ae11de8-a557-4d5a-83c0-504fd7db0166,1,TRUE,26,47,TRUE,TRUE,DISJUNCTION
1238-0ae11de8-a557-4d5a-83c0-504fd7db0166,1,FALSE,26,48,FALSE,FALSE,DISJUNCTION
1238-0ae11de8-a557-4d5a-83c0-504fd7db0166,1,TRUE,26,49,TRUE,TRUE,DISJUNCTION
1238-0ae11de8-a557-4d5a-83c0-504fd7db0166,1,TRUE,26,11,TRUE,TRUE,DISJUNCTION
1238-0ae11de8-a557-4d5a-83c0-504fd7db0166,1,TRUE,26,12,TRUE,TRUE,DISJUNCTION
1238-0ae11de8-a557-4d5a-83c0-504fd7db0166,2,TRUE,36,0,TRUE,TRUE,CONJUNCTION_DISJUNCTION
1238-0ae11de8-a557-4d5a-83c0-504fd7db0166,2,TRUE,36,1,TRUE,TRUE,CONJUNCTION_DISJUNCTION
1238-0ae11de8-a557-4d5a-83c0-504fd7db0166,2,FALSE,36,2,FALSE,FALSE,CONJUNCTION_DISJUNCTION
1238-0ae11de8-a557-4d5a-83c0-504fd7db0166,2,TRUE,36,3,TRUE,TRUE,CONJUNCTION_DISJUNCTION
1238-0ae11de8-a557-4d5a-83c0-504fd7db0166,2,FALSE,36,4,FALSE,FALSE,CONJUNCTION_DISJUNCTION
1238-0ae11de8-a557-4d5a-83c0-504fd7db0166,2,FALSE,36,6,FALSE,FALSE,CONJUNCTION_DISJUNCTION
1238-0ae11de8-a557-4d5a-83c0-504fd7db0166,2,TRUE,36,5,TRUE,TRUE,CONJUNCTION_DISJUNCTION
1238-0ae11de8-a557-4d5a-83c0-504fd7db0166,2,TRUE,36,7,TRUE,TRUE,CONJUNCTION_DISJUNCTION
1238-0ae11de8-a557-4d5a-83c0-504fd7db0166,2,TRUE,36,8,TRUE,TRUE,CONJUNCTION_DISJUNCTION
1238-0ae11de8-a557-4d5a-83c0-504fd7db0166,2,FALSE,36,9,FALSE,FALSE,CONJUNCTION_DISJUNCTION
1238-0ae11de8-a557-4d5a-83c0-504fd7db0166,2,FALSE,36,10,FALSE,FALSE,CONJUNCTION_DISJUNCTION
1238-0ae11de8-a557-4d5a-83c0-504fd7db0166,2,FALSE,36,11,FALSE,FALSE,CONJUNCTION_DISJUNCTION
1238-0ae11de8-a557-4d5a-83c0-504fd7db0166,2,TRUE,36,12,TRUE,TRUE,CONJUNCTION_DISJUNCTION
1238-0ae11de8-a557-4d5a-83c0-504fd7db0166,2,FALSE,36,13,FALSE,FALSE,CONJUNCTION_DISJUNCTION
1238-0ae11de8-a557-4d5a-83c0-504fd7db0166,2,FALSE,36,14,FALSE,FALSE,CONJUNCTION_DISJUNCTION
1238-0ae11de8-a557-4d5a-83c0-504fd7db0166,2,TRUE,36,15,TRUE,TRUE,CONJUNCTION_DISJUNCTION
1238-0ae11de8-a557-4d5a-83c0-504fd7db0166,2,TRUE,36,18,TRUE,TRUE,CONJUNCTION_DISJUNCTION
1238-0ae11de8-a557-4d5a-83c0-504fd7db0166,2,TRUE,36,19,TRUE,TRUE,CONJUNCTION_DISJUNCTION
1238-0ae11de8-a557-4d5a-83c0-504fd7db0166,2,FALSE,36,20,FALSE,FALSE,CONJUNCTION_DISJUNCTION
1238-0ae11de8-a557-4d5a-83c0-504fd7db0166,2,TRUE,36,21,TRUE,TRUE,CONJUNCTION_DISJUNCTION
1238-0ae11de8-a557-4d5a-83c0-504fd7db0166,2,TRUE,36,22,TRUE,TRUE,CONJUNCTION_DISJUNCTION
1238-0ae11de8-a557-4d5a-83c0-504fd7db0166,2,FALSE,36,23,FALSE,FALSE,CONJUNCTION_DISJUNCTION
1238-0ae11de8-a557-4d5a-83c0-504fd7db0166,2,FALSE,36,24,FALSE,FALSE,CONJUNCTION_DISJUNCTION
1238-0ae11de8-a557-4d5a-83c0-504fd7db0166,2,FALSE,36,25,TRUE,FALSE,CONJUNCTION_DISJUNCTION
1238-0ae11de8-a557-4d5a-83c0-504fd7db0166,2,TRUE,36,26,TRUE,FALSE,CONJUNCTION_DISJUNCTION
1238-0ae11de8-a557-4d5a-83c0-504fd7db0166,2,TRUE,36,27,TRUE,TRUE,CONJUNCTION_DISJUNCTION
1238-0ae11de8-a557-4d5a-83c0-504fd7db0166,2,FALSE,36,28,FALSE,FALSE,CONJUNCTION_DISJUNCTION
1238-0ae11de8-a557-4d5a-83c0-504fd7db0166,2,FALSE,36,29,FALSE,FALSE,CONJUNCTION_DISJUNCTION
1238-0ae11de8-a557-4d5a-83c0-504fd7db0166,2,TRUE,36,30,TRUE,TRUE,CONJUNCTION_DISJUNCTION
1238-0ae11de8-a557-4d5a-83c0-504fd7db0166,2,FALSE,36,31,FALSE,FALSE,CONJUNCTION_DISJUNCTION
1238-0ae11de8-a557-4d5a-83c0-504fd7db0166,2,FALSE,36,32,FALSE,FALSE,CONJUNCTION_DISJUNCTION
1238-0ae11de8-a557-4d5a-83c0-504fd7db0166,2,TRUE,36,33,TRUE,TRUE,CONJUNCTION_DISJUNCTION
1238-0ae11de8-a557-4d5a-83c0-504fd7db0166,2,TRUE,36,34,TRUE,TRUE,CONJUNCTION_DISJUNCTION
1238-0ae11de8-a557-4d5a-83c0-504fd7db0166,2,FALSE,36,35,FALSE,FALSE,CONJUNCTION_DISJUNCTION
1238-0ae11de8-a557-4d5a-83c0-504fd7db0166,2,TRUE,36,36,TRUE,TRUE,CONJUNCTION_DISJUNCTION
1238-0ae11de8-a557-4d5a-83c0-504fd7db0166,2,TRUE,36,37,TRUE,TRUE,CONJUNCTION_DISJUNCTION
1238-0ae11de8-a557-4d5a-83c0-504fd7db0166,2,FALSE,36,38,TRUE,FALSE,CONJUNCTION_DISJUNCTION
1238-0ae11de8-a557-4d5a-83c0-504fd7db0166,2,FALSE,36,39,FALSE,FALSE,CONJUNCTION_DISJUNCTION
1238-0ae11de8-a557-4d5a-83c0-504fd7db0166,2,TRUE,36,40,TRUE,TRUE,CONJUNCTION_DISJUNCTION
1238-0ae11de8-a557-4d5a-83c0-504fd7db0166,2,TRUE,36,41,TRUE,TRUE,CONJUNCTION_DISJUNCTION
1238-0ae11de8-a557-4d5a-83c0-504fd7db0166,2,FALSE,36,42,FALSE,FALSE,CONJUNCTION_DISJUNCTION
1238-0ae11de8-a557-4d5a-83c0-504fd7db0166,2,TRUE,36,43,TRUE,TRUE,CONJUNCTION_DISJUNCTION
1238-0ae11de8-a557-4d5a-83c0-504fd7db0166,2,FALSE,36,44,FALSE,FALSE,CONJUNCTION_DISJUNCTION
1238-0ae11de8-a557-4d5a-83c0-504fd7db0166,2,FALSE,36,45,TRUE,FALSE,CONJUNCTION_DISJUNCTION
1238-0ae11de8-a557-4d5a-83c0-504fd7db0166,2,FALSE,36,46,FALSE,FALSE,CONJUNCTION_DISJUNCTION
1238-0ae11de8-a557-4d5a-83c0-504fd7db0166,2,TRUE,36,47,TRUE,TRUE,CONJUNCTION_DISJUNCTION
1238-0ae11de8-a557-4d5a-83c0-504fd7db0166,2,TRUE,36,48,TRUE,TRUE,CONJUNCTION_DISJUNCTION
1238-0ae11de8-a557-4d5a-83c0-504fd7db0166,2,FALSE,36,49,FALSE,FALSE,CONJUNCTION_DISJUNCTION
1238-0ae11de8-a557-4d5a-83c0-504fd7db0166,2,TRUE,36,17,TRUE,TRUE,CONJUNCTION_DISJUNCTION
1238-0ae11de8-a557-4d5a-83c0-504fd7db0166,2,TRUE,36,16,TRUE,TRUE,CONJUNCTION_DISJUNCTION
1238-0ae11de8-a557-4d5a-83c0-504fd7db0166,3,FALSE,46,0,FALSE,FALSE,DISJUNCTION_CONJUNCTION
1238-0ae11de8-a557-4d5a-83c0-504fd7db0166,3,FALSE,46,1,FALSE,FALSE,DISJUNCTION_CONJUNCTION
1238-0ae11de8-a557-4d5a-83c0-504fd7db0166,3,FALSE,46,3,FALSE,FALSE,DISJUNCTION_CONJUNCTION
1238-0ae11de8-a557-4d5a-83c0-504fd7db0166,3,FALSE,46,2,FALSE,FALSE,DISJUNCTION_CONJUNCTION
1238-0ae11de8-a557-4d5a-83c0-504fd7db0166,3,TRUE,46,4,TRUE,TRUE,DISJUNCTION_CONJUNCTION
1238-0ae11de8-a557-4d5a-83c0-504fd7db0166,3,TRUE,46,5,TRUE,TRUE,DISJUNCTION_CONJUNCTION
1238-0ae11de8-a557-4d5a-83c0-504fd7db0166,3,FALSE,46,6,FALSE,FALSE,DISJUNCTION_CONJUNCTION
1238-0ae11de8-a557-4d5a-83c0-504fd7db0166,3,FALSE,46,7,FALSE,FALSE,DISJUNCTION_CONJUNCTION
1238-0ae11de8-a557-4d5a-83c0-504fd7db0166,3,FALSE,46,9,FALSE,FALSE,DISJUNCTION_CONJUNCTION
1238-0ae11de8-a557-4d5a-83c0-504fd7db0166,3,TRUE,46,8,TRUE,TRUE,DISJUNCTION_CONJUNCTION
1238-0ae11de8-a557-4d5a-83c0-504fd7db0166,3,TRUE,46,10,TRUE,TRUE,DISJUNCTION_CONJUNCTION
1238-0ae11de8-a557-4d5a-83c0-504fd7db0166,3,TRUE,46,11,TRUE,TRUE,DISJUNCTION_CONJUNCTION
1238-0ae11de8-a557-4d5a-83c0-504fd7db0166,3,FALSE,46,12,FALSE,FALSE,DISJUNCTION_CONJUNCTION
1238-0ae11de8-a557-4d5a-83c0-504fd7db0166,3,FALSE,46,13,FALSE,FALSE,DISJUNCTION_CONJUNCTION
1238-0ae11de8-a557-4d5a-83c0-504fd7db0166,3,FALSE,46,14,FALSE,FALSE,DISJUNCTION_CONJUNCTION
1238-0ae11de8-a557-4d5a-83c0-504fd7db0166,3,TRUE,46,16,TRUE,TRUE,DISJUNCTION_CONJUNCTION
1238-0ae11de8-a557-4d5a-83c0-504fd7db0166,3,TRUE,46,17,TRUE,TRUE,DISJUNCTION_CONJUNCTION
1238-0ae11de8-a557-4d5a-83c0-504fd7db0166,3,FALSE,46,18,FALSE,FALSE,DISJUNCTION_CONJUNCTION
1238-0ae11de8-a557-4d5a-83c0-504fd7db0166,3,TRUE,46,15,TRUE,TRUE,DISJUNCTION_CONJUNCTION
1238-0ae11de8-a557-4d5a-83c0-504fd7db0166,3,TRUE,46,21,TRUE,TRUE,DISJUNCTION_CONJUNCTION
1238-0ae11de8-a557-4d5a-83c0-504fd7db0166,3,FALSE,46,22,FALSE,FALSE,DISJUNCTION_CONJUNCTION
1238-0ae11de8-a557-4d5a-83c0-504fd7db0166,3,TRUE,46,23,TRUE,TRUE,DISJUNCTION_CONJUNCTION
1238-0ae11de8-a557-4d5a-83c0-504fd7db0166,3,TRUE,46,24,TRUE,TRUE,DISJUNCTION_CONJUNCTION
1238-0ae11de8-a557-4d5a-83c0-504fd7db0166,3,TRUE,46,25,TRUE,TRUE,DISJUNCTION_CONJUNCTION
1238-0ae11de8-a557-4d5a-83c0-504fd7db0166,3,FALSE,46,26,FALSE,FALSE,DISJUNCTION_CONJUNCTION
1238-0ae11de8-a557-4d5a-83c0-504fd7db0166,3,FALSE,46,28,FALSE,FALSE,DISJUNCTION_CONJUNCTION
1238-0ae11de8-a557-4d5a-83c0-504fd7db0166,3,FALSE,46,27,FALSE,FALSE,DISJUNCTION_CONJUNCTION
1238-0ae11de8-a557-4d5a-83c0-504fd7db0166,3,FALSE,46,29,FALSE,FALSE,DISJUNCTION_CONJUNCTION
1238-0ae11de8-a557-4d5a-83c0-504fd7db0166,3,FALSE,46,30,FALSE,FALSE,DISJUNCTION_CONJUNCTION
1238-0ae11de8-a557-4d5a-83c0-504fd7db0166,3,TRUE,46,31,TRUE,TRUE,DISJUNCTION_CONJUNCTION
1238-0ae11de8-a557-4d5a-83c0-504fd7db0166,3,FALSE,46,32,FALSE,FALSE,DISJUNCTION_CONJUNCTION
1238-0ae11de8-a557-4d5a-83c0-504fd7db0166,3,TRUE,46,33,TRUE,TRUE,DISJUNCTION_CONJUNCTION
1238-0ae11de8-a557-4d5a-83c0-504fd7db0166,3,TRUE,46,34,TRUE,TRUE,DISJUNCTION_CONJUNCTION
1238-0ae11de8-a557-4d5a-83c0-504fd7db0166,3,FALSE,46,35,FALSE,FALSE,DISJUNCTION_CONJUNCTION
1238-0ae11de8-a557-4d5a-83c0-504fd7db0166,3,TRUE,46,36,TRUE,TRUE,DISJUNCTION_CONJUNCTION
1238-0ae11de8-a557-4d5a-83c0-504fd7db0166,3,FALSE,46,37,FALSE,FALSE,DISJUNCTION_CONJUNCTION
1238-0ae11de8-a557-4d5a-83c0-504fd7db0166,3,TRUE,46,38,TRUE,TRUE,DISJUNCTION_CONJUNCTION
1238-0ae11de8-a557-4d5a-83c0-504fd7db0166,3,TRUE,46,39,TRUE,TRUE,DISJUNCTION_CONJUNCTION
1238-0ae11de8-a557-4d5a-83c0-504fd7db0166,3,FALSE,46,40,FALSE,FALSE,DISJUNCTION_CONJUNCTION
1238-0ae11de8-a557-4d5a-83c0-504fd7db0166,3,TRUE,46,41,TRUE,TRUE,DISJUNCTION_CONJUNCTION
1238-0ae11de8-a557-4d5a-83c0-504fd7db0166,3,FALSE,46,42,FALSE,FALSE,DISJUNCTION_CONJUNCTION
1238-0ae11de8-a557-4d5a-83c0-504fd7db0166,3,FALSE,46,43,FALSE,FALSE,DISJUNCTION_CONJUNCTION
1238-0ae11de8-a557-4d5a-83c0-504fd7db0166,3,FALSE,46,44,FALSE,FALSE,DISJUNCTION_CONJUNCTION
1238-0ae11de8-a557-4d5a-83c0-504fd7db0166,3,FALSE,46,45,FALSE,FALSE,DISJUNCTION_CONJUNCTION
1238-0ae11de8-a557-4d5a-83c0-504fd7db0166,3,TRUE,46,46,TRUE,TRUE,DISJUNCTION_CONJUNCTION
1238-0ae11de8-a557-4d5a-83c0-504fd7db0166,3,TRUE,46,47,TRUE,TRUE,DISJUNCTION_CONJUNCTION
1238-0ae11de8-a557-4d5a-83c0-504fd7db0166,3,FALSE,46,48,FALSE,FALSE,DISJUNCTION_CONJUNCTION
1238-0ae11de8-a557-4d5a-83c0-504fd7db0166,3,TRUE,46,49,TRUE,TRUE,DISJUNCTION_CONJUNCTION
1238-0ae11de8-a557-4d5a-83c0-504fd7db0166,3,TRUE,46,20,TRUE,TRUE,DISJUNCTION_CONJUNCTION
1238-0ae11de8-a557-4d5a-83c0-504fd7db0166,3,TRUE,46,19,TRUE,TRUE,DISJUNCTION_CONJUNCTION
1238-0ae11de8-a557-4d5a-83c0-504fd7db0166,4,FALSE,16,0,FALSE,FALSE,CONJUNCTION
1238-0ae11de8-a557-4d5a-83c0-504fd7db0166,4,TRUE,16,1,FALSE,TRUE,CONJUNCTION
1238-0ae11de8-a557-4d5a-83c0-504fd7db0166,4,TRUE,16,2,FALSE,TRUE,CONJUNCTION
1238-0ae11de8-a557-4d5a-83c0-504fd7db0166,4,FALSE,16,3,FALSE,FALSE,CONJUNCTION
1238-0ae11de8-a557-4d5a-83c0-504fd7db0166,4,FALSE,16,4,FALSE,FALSE,CONJUNCTION
1238-0ae11de8-a557-4d5a-83c0-504fd7db0166,4,FALSE,16,5,FALSE,FALSE,CONJUNCTION
1238-0ae11de8-a557-4d5a-83c0-504fd7db0166,4,FALSE,16,6,FALSE,FALSE,CONJUNCTION
1238-0ae11de8-a557-4d5a-83c0-504fd7db0166,4,TRUE,16,7,TRUE,TRUE,CONJUNCTION
1238-0ae11de8-a557-4d5a-83c0-504fd7db0166,4,FALSE,16,8,FALSE,FALSE,CONJUNCTION
1238-0ae11de8-a557-4d5a-83c0-504fd7db0166,4,TRUE,16,9,TRUE,TRUE,CONJUNCTION
1238-0ae11de8-a557-4d5a-83c0-504fd7db0166,4,TRUE,16,10,TRUE,TRUE,CONJUNCTION
1238-0ae11de8-a557-4d5a-83c0-504fd7db0166,4,FALSE,16,11,FALSE,FALSE,CONJUNCTION
1238-0ae11de8-a557-4d5a-83c0-504fd7db0166,4,FALSE,16,12,FALSE,FALSE,CONJUNCTION
1238-0ae11de8-a557-4d5a-83c0-504fd7db0166,4,FALSE,16,13,FALSE,FALSE,CONJUNCTION
1238-0ae11de8-a557-4d5a-83c0-504fd7db0166,4,TRUE,16,14,TRUE,TRUE,CONJUNCTION
1238-0ae11de8-a557-4d5a-83c0-504fd7db0166,4,FALSE,16,15,FALSE,FALSE,CONJUNCTION
1238-0ae11de8-a557-4d5a-83c0-504fd7db0166,4,FALSE,16,16,FALSE,FALSE,CONJUNCTION
1238-0ae11de8-a557-4d5a-83c0-504fd7db0166,4,FALSE,16,17,FALSE,FALSE,CONJUNCTION
1238-0ae11de8-a557-4d5a-83c0-504fd7db0166,4,FALSE,16,18,FALSE,FALSE,CONJUNCTION
1238-0ae11de8-a557-4d5a-83c0-504fd7db0166,4,TRUE,16,19,TRUE,TRUE,CONJUNCTION
1238-0ae11de8-a557-4d5a-83c0-504fd7db0166,4,TRUE,16,20,TRUE,TRUE,CONJUNCTION
1238-0ae11de8-a557-4d5a-83c0-504fd7db0166,4,FALSE,16,21,FALSE,FALSE,CONJUNCTION
1238-0ae11de8-a557-4d5a-83c0-504fd7db0166,4,FALSE,16,22,FALSE,FALSE,CONJUNCTION
1238-0ae11de8-a557-4d5a-83c0-504fd7db0166,4,FALSE,16,23,FALSE,FALSE,CONJUNCTION
1238-0ae11de8-a557-4d5a-83c0-504fd7db0166,4,FALSE,16,24,FALSE,FALSE,CONJUNCTION
1238-0ae11de8-a557-4d5a-83c0-504fd7db0166,4,FALSE,16,25,FALSE,FALSE,CONJUNCTION
1238-0ae11de8-a557-4d5a-83c0-504fd7db0166,4,TRUE,16,29,TRUE,TRUE,CONJUNCTION
1238-0ae11de8-a557-4d5a-83c0-504fd7db0166,4,FALSE,16,28,FALSE,FALSE,CONJUNCTION
1238-0ae11de8-a557-4d5a-83c0-504fd7db0166,4,FALSE,16,30,FALSE,FALSE,CONJUNCTION
1238-0ae11de8-a557-4d5a-83c0-504fd7db0166,4,FALSE,16,31,FALSE,FALSE,CONJUNCTION
1238-0ae11de8-a557-4d5a-83c0-504fd7db0166,4,FALSE,16,32,FALSE,FALSE,CONJUNCTION
1238-0ae11de8-a557-4d5a-83c0-504fd7db0166,4,FALSE,16,33,FALSE,FALSE,CONJUNCTION
1238-0ae11de8-a557-4d5a-83c0-504fd7db0166,4,FALSE,16,34,FALSE,FALSE,CONJUNCTION
1238-0ae11de8-a557-4d5a-83c0-504fd7db0166,4,FALSE,16,35,FALSE,FALSE,CONJUNCTION
1238-0ae11de8-a557-4d5a-83c0-504fd7db0166,4,FALSE,16,36,FALSE,FALSE,CONJUNCTION
1238-0ae11de8-a557-4d5a-83c0-504fd7db0166,4,FALSE,16,37,FALSE,FALSE,CONJUNCTION
1238-0ae11de8-a557-4d5a-83c0-504fd7db0166,4,FALSE,16,38,FALSE,FALSE,CONJUNCTION
1238-0ae11de8-a557-4d5a-83c0-504fd7db0166,4,FALSE,16,39,FALSE,FALSE,CONJUNCTION
1238-0ae11de8-a557-4d5a-83c0-504fd7db0166,4,FALSE,16,40,FALSE,FALSE,CONJUNCTION
1238-0ae11de8-a557-4d5a-83c0-504fd7db0166,4,FALSE,16,41,FALSE,FALSE,CONJUNCTION
1238-0ae11de8-a557-4d5a-83c0-504fd7db0166,4,FALSE,16,42,FALSE,FALSE,CONJUNCTION
1238-0ae11de8-a557-4d5a-83c0-504fd7db0166,4,FALSE,16,43,FALSE,FALSE,CONJUNCTION
1238-0ae11de8-a557-4d5a-83c0-504fd7db0166,4,FALSE,16,44,FALSE,FALSE,CONJUNCTION
1238-0ae11de8-a557-4d5a-83c0-504fd7db0166,4,FALSE,16,45,FALSE,FALSE,CONJUNCTION
1238-0ae11de8-a557-4d5a-83c0-504fd7db0166,4,FALSE,16,46,FALSE,FALSE,CONJUNCTION
1238-0ae11de8-a557-4d5a-83c0-504fd7db0166,4,FALSE,16,47,FALSE,FALSE,CONJUNCTION
1238-0ae11de8-a557-4d5a-83c0-504fd7db0166,4,TRUE,16,48,TRUE,TRUE,CONJUNCTION
1238-0ae11de8-a557-4d5a-83c0-504fd7db0166,4,FALSE,16,49,FALSE,FALSE,CONJUNCTION
1238-0ae11de8-a557-4d5a-83c0-504fd7db0166,4,FALSE,16,27,FALSE,FALSE,CONJUNCTION
1238-0ae11de8-a557-4d5a-83c0-504fd7db0166,4,FALSE,16,26,FALSE,FALSE,CONJUNCTION
